alert_date,product_id,category,regime,supplier,coverage_days,quantity,urgency,unit_cost,total_cost,substitutes_count
2019-12-01,17978,FITNESS,commodity,FOREVER FITNESS,27.0,84,MEDIUM,0.0,0.0,0
2019-12-01,19266,UNDERWARE,commodity,FEMINIS,19.0,96,MEDIUM,0.0,0.0,5
2019-12-01,21100,FITNESS,commodity,FOREVER FITNESS,23.0,96,MEDIUM,0.0,0.0,0
2019-12-01,33948,MODA PRAIA,seasonal,HERMES BALI,19.0,240,MEDIUM,0.0,0.0,0
2019-12-02,12761,MODA PRAIA,commodity,CLASS,30.0,84,MEDIUM,0.0,0.0,5
2019-12-03,35170,MODA PRAIA,seasonal,CLASS,29.0,228,MEDIUM,0.0,0.0,0
2019-12-04,14653,UNDERWARE,commodity,VI LINGERIE,18.0,96,MEDIUM,0.0,0.0,5
2019-12-04,19269,UNDERWARE,commodity,FEMINIS,24.0,96,MEDIUM,0.0,0.0,5
2019-12-04,19286,UNDERWARE,commodity,FEMINIS,16.0,96,MEDIUM,0.0,0.0,5
2019-12-04,29048,UNDERWARE,commodity,FINA ESTAMPA,15.0,96,MEDIUM,0.0,0.0,5
2019-12-05,14926,UNDERWARE,commodity,FEMINIS,15.0,96,MEDIUM,0.0,0.0,5
2019-12-05,21090,FITNESS,commodity,FOREVER FITNESS,30.0,84,MEDIUM,0.0,0.0,0
2019-12-07,15311,UNDERWARE,commodity,ZEE RUCCI,16.0,96,MEDIUM,0.0,0.0,0
2019-12-07,17026,MODA PRAIA,commodity,CLASS,23.0,96,MEDIUM,0.0,0.0,5
2019-12-07,22944,UNDERWARE,commodity,FEMINIS,24.0,96,MEDIUM,0.0,0.0,5
2019-12-07,33944,MODA PRAIA,seasonal,HERMES BALI,29.0,228,MEDIUM,0.0,0.0,0
2019-12-08,7884,UNDERWARE,commodity,VI LINGERIE,21.0,96,MEDIUM,19.89,1909.44,5
2019-12-08,33949,MODA PRAIA,seasonal,HERMES BALI,19.0,240,MEDIUM,0.0,0.0,0
2019-12-09,47,UNDERWARE,commodity,TRIFIL,15.0,96,MEDIUM,10.07,966.72,5
2019-12-09,3744,UNDERWARE,commodity,CLASS,24.0,96,MEDIUM,5.48,526.08,5
2019-12-11,16282,UNDERWARE,commodity,TRIFIL,23.0,96,MEDIUM,0.0,0.0,5
2019-12-12,4353,MODA PRAIA,commodity,RIVANNA,16.0,96,MEDIUM,20.93,2009.28,5
2019-12-13,18197,UNDERWARE,commodity,JESCRI,20.0,96,MEDIUM,0.0,0.0,0
2019-12-13,33950,MODA PRAIA,seasonal,HERMES BALI,19.0,240,MEDIUM,0.0,0.0,0
2019-12-14,21072,FITNESS,commodity,FOREVER FITNESS,17.0,96,MEDIUM,0.0,0.0,0
2019-12-14,22950,UNDERWARE,commodity,FEMINIS,20.0,96,MEDIUM,0.0,0.0,5
2019-12-14,22953,UNDERWARE,commodity,FEMINIS,24.0,96,MEDIUM,0.0,0.0,5
2019-12-15,15551,MODA PRAIA,commodity,CLASS,20.0,96,MEDIUM,0.0,0.0,0
2019-12-15,19285,UNDERWARE,commodity,FEMINIS,18.0,96,MEDIUM,0.0,0.0,5
2019-12-15,21982,FITNESS,commodity,FOREVER FITNESS,19.0,96,MEDIUM,0.0,0.0,0
2019-12-15,21992,FITNESS,commodity,FOREVER FITNESS,19.0,96,MEDIUM,0.0,0.0,0
2019-12-15,29944,UNDERWARE,commodity,CLASS,15.0,96,MEDIUM,5.48,526.08,5
2019-12-17,33956,FITNESS,commodity,FOREVER FITNESS,23.0,96,MEDIUM,0.0,0.0,0
2019-12-19,6575,UNDERWARE,commodity,MASH,22.0,96,MEDIUM,11.86,1138.56,4
2019-12-19,8126,MODA PRAIA,commodity,CLASS,30.0,84,MEDIUM,13.16,1105.44,5
2019-12-20,13138,UNDERWARE,commodity,VI LINGERIE,15.0,96,MEDIUM,12.9,1238.4,5
2019-12-20,21989,FITNESS,commodity,FOREVER FITNESS,18.0,96,MEDIUM,0.0,0.0,0
2019-12-20,22945,UNDERWARE,commodity,FEMINIS,24.0,96,MEDIUM,0.0,0.0,5
2019-12-21,33946,MODA PRAIA,seasonal,HERMES BALI,29.0,228,MEDIUM,0.0,0.0,0
2019-12-24,8344,UNDERWARE,commodity,ZEE RUCCI,29.5,168,MEDIUM,4.33,727.44,3
2019-12-24,15242,UNDERWARE,commodity,DEMILLUS,15.0,96,MEDIUM,0.0,0.0,5
2019-12-26,16057,MODA PRAIA,seasonal,CLASS,19.0,240,MEDIUM,0.0,0.0,0
2019-12-28,22947,UNDERWARE,commodity,FEMINIS,21.0,96,MEDIUM,0.0,0.0,5
2019-12-29,18006,FITNESS,commodity,FOREVER FITNESS,29.0,84,MEDIUM,0.0,0.0,5
2019-12-29,24820,UNDERWARE,commodity,FINA ESTAMPA,16.0,96,MEDIUM,0.0,0.0,5
2019-12-30,17982,FITNESS,commodity,FOREVER FITNESS,23.0,96,MEDIUM,0.0,0.0,0
2019-12-03,33945,MODA PRAIA,seasonal,HERMES BALI,39.0,216,LOW,0.0,0.0,0
2019-12-14,11296,MODA PRAIA,seasonal,CLASS,52.0,204,LOW,0.0,0.0,5
2019-12-01,9055,UNDERWARE,commodity,TRIFIL,8.0,108,HIGH,14.51,1567.08,5
2019-12-01,15068,UNDERWARE,commodity,FEMINIS,8.0,108,HIGH,0.0,0.0,0
2019-12-02,824,UNDERWARE,commodity,ESBELT,9.0,108,HIGH,36.5,3942.0,5
2019-12-02,23070,UNDERWARE,commodity,ZEE RUCCI,14.0,96,HIGH,0.0,0.0,5
2019-12-02,26364,MODA PRAIA,commodity,CLASS,9.0,108,HIGH,0.0,0.0,0
2019-12-02,26372,MODA PRAIA,commodity,CLASS,13.0,108,HIGH,0.0,0.0,0
2019-12-02,29045,UNDERWARE,commodity,FINA ESTAMPA,8.0,108,HIGH,0.0,0.0,5
2019-12-03,34539,LINHA NOITE,seasonal,REISUL,8.0,252,HIGH,0.0,0.0,5
2019-12-04,7376,UNDERWARE,commodity,ZEE RUCCI,12.0,108,HIGH,5.7,615.6,5
2019-12-04,16175,MODA PRAIA,commodity,RIVANNA,8.0,108,HIGH,0.0,0.0,0
2019-12-05,2,UNDERWARE,commodity,TRIFIL,13.0,108,HIGH,14.51,1567.08,5
2019-12-05,5417,MODA PRAIA,commodity,RIVANNA,9.0,108,HIGH,20.93,2260.44,5
2019-12-06,21078,FITNESS,commodity,FOREVER FITNESS,14.0,96,HIGH,0.0,0.0,0
2019-12-07,26751,MODA PRAIA,commodity,CLASS,8.0,108,HIGH,0.0,0.0,0
2019-12-08,3736,MODA PRAIA,seasonal,RIVANNA,12.0,252,HIGH,18.83,4745.16,0
2019-12-08,14849,MODA PRAIA,commodity,CLASS,8.0,108,HIGH,13.16,1421.28,0
2019-12-08,16129,MODA PRAIA,commodity,RIVANNA,9.0,108,HIGH,20.93,2260.44,0
2019-12-08,19217,UNDERWARE,commodity,ZEE RUCCI,10.0,108,HIGH,10.47,1130.76,5
2019-12-08,21082,FITNESS,commodity,FOREVER FITNESS,11.0,108,HIGH,0.0,0.0,0
2019-12-08,34046,UNDERWARE,commodity,DIVA DONNA,9.0,108,HIGH,0.0,0.0,0
2019-12-09,14469,UNDERWARE,commodity,VI LINGERIE,10.0,108,HIGH,0.0,0.0,5
2019-12-09,15276,UNDERWARE,commodity,ZEE RUCCI,8.0,108,HIGH,0.0,0.0,0
2019-12-10,16056,MODA PRAIA,seasonal,CLASS,8.0,252,HIGH,0.0,0.0,0
2019-12-10,25116,UNDERWARE,commodity,CLASS,9.0,108,HIGH,12.08,1304.64,5
2019-12-11,12771,MODA PRAIA,commodity,CLASS,12.0,108,HIGH,0.0,0.0,5
2019-12-11,25120,UNDERWARE,commodity,TRIFIL,8.0,108,HIGH,5.93,640.44,0
2019-12-12,6526,UNDERWARE,commodity,TRIFIL,8.0,108,HIGH,1.21,130.68,0
2019-12-12,19270,UNDERWARE,commodity,FEMINIS,8.0,108,HIGH,0.0,0.0,5
2019-12-13,2086,UNDERWARE,commodity,MASH,10.0,108,HIGH,7.88,851.04,5
2019-12-13,20295,UNDERWARE,commodity,JESCRI,10.0,108,HIGH,0.0,0.0,0
2019-12-13,31027,UNDERWARE,commodity,VI LINGERIE,11.0,108,HIGH,0.0,0.0,5
2019-12-15,4940,EROTICA,commodity,PIMENTA QUENTE,11.0,108,HIGH,20.0,2160.0,0
2019-12-15,26895,UNDERWARE,commodity,VI LINGERIE,11.0,108,HIGH,4.22,455.76,5
2019-12-16,15071,UNDERWARE,commodity,FEMINIS,10.0,108,HIGH,0.0,0.0,0
2019-12-16,19267,UNDERWARE,commodity,FEMINIS,9.0,108,HIGH,0.0,0.0,5
2019-12-17,18212,UNDERWARE,commodity,JESCRI,13.0,108,HIGH,0.0,0.0,0
2019-12-19,17986,FITNESS,commodity,FOREVER FITNESS,11.0,108,HIGH,0.0,0.0,0
2019-12-19,21923,MODA PRAIA,commodity,LAMAR,10.0,108,HIGH,0.0,0.0,5
2019-12-20,29977,UNDERWARE,commodity,LUPO,10.0,108,HIGH,5.7,615.6,5
2019-12-21,18211,UNDERWARE,commodity,JESCRI,12.0,108,HIGH,0.0,0.0,0
2019-12-22,4354,MODA PRAIA,commodity,RIVANNA,13.0,108,HIGH,20.93,2260.44,5
2019-12-22,8970,UNDERWARE,commodity,VI LINGERIE,10.0,108,HIGH,19.89,2148.12,5
2019-12-23,19290,UNDERWARE,commodity,FEMINIS,8.0,108,HIGH,0.0,0.0,5
2019-12-23,21964,FITNESS,commodity,FOREVER FITNESS,9.0,108,HIGH,0.0,0.0,0
2019-12-23,26761,MODA PRAIA,commodity,CLASS,8.0,108,HIGH,0.0,0.0,0
2019-12-25,11295,MODA PRAIA,seasonal,CLASS,8.0,252,HIGH,0.0,0.0,5
2019-12-25,12776,MODA PRAIA,commodity,CLASS,14.0,96,HIGH,0.0,0.0,5
2019-12-25,15448,UNDERWARE,commodity,FEMINIS,9.0,108,HIGH,0.0,0.0,0
2019-12-26,3037,UNDERWARE,commodity,CLASS,8.0,108,HIGH,5.95,642.6,0
2019-12-26,7639,MODA PRAIA,seasonal,RIVANNA,11.0,252,HIGH,0.0,0.0,0
2019-12-27,15312,UNDERWARE,commodity,ZEE RUCCI,9.0,108,HIGH,0.0,0.0,5
2019-12-28,2893,UNDERWARE,commodity,CLASS,8.0,108,HIGH,16.43,1774.44,5
2019-12-29,11646,MODA PRAIA,commodity,RIVANNA,8.0,108,HIGH,0.0,0.0,5
2019-12-29,26766,MODA PRAIA,commodity,CLASS,11.0,108,HIGH,0.0,0.0,0
2019-12-29,29040,UNDERWARE,commodity,FINA ESTAMPA,8.0,108,HIGH,0.0,0.0,5
2019-12-29,35168,MODA PRAIA,seasonal,CLASS,11.0,252,HIGH,0.0,0.0,0
2019-12-01,402,UNDERWARE,commodity,DIVA DONNA,4.0,108,CRITICAL,4.32,466.56,5
2019-12-01,8131,MODA PRAIA,commodity,CLASS,4.0,108,CRITICAL,13.16,1421.28,5
2019-12-01,10132,UNDERWARE,commodity,DEMILLUS,5.0,108,CRITICAL,0.0,0.0,5
2019-12-01,11307,UNDERWARE,commodity,ZEE RUCCI,3.0,108,CRITICAL,5.65,610.2,5
2019-12-01,14471,UNDERWARE,commodity,VI LINGERIE,5.0,108,CRITICAL,0.0,0.0,5
2019-12-01,15548,MODA PRAIA,commodity,CLASS,2.0,108,CRITICAL,0.0,0.0,0
2019-12-01,16113,MODA PRAIA,commodity,RIVANNA,1.0,120,CRITICAL,0.0,0.0,0
2019-12-01,16169,MODA PRAIA,commodity,RIVANNA,4.0,108,CRITICAL,0.0,0.0,5
2019-12-01,16171,MODA PRAIA,commodity,RIVANNA,6.0,108,CRITICAL,0.0,0.0,0
2019-12-01,16441,UNDERWARE,commodity,DIRA,1.0,120,CRITICAL,0.0,0.0,5
2019-12-01,16976,UNDERWARE,commodity,EMOCIONE,1.0,120,CRITICAL,0.0,0.0,0
2019-12-01,17023,MODA PRAIA,commodity,CLASS,4.0,108,CRITICAL,0.0,0.0,0
2019-12-01,18165,MODA PRAIA,commodity,CLASS,3.0,108,CRITICAL,0.0,0.0,0
2019-12-01,19321,MODA PRAIA,commodity,RIVANNA,2.0,108,CRITICAL,0.0,0.0,0
2019-12-01,19981,FITNESS,commodity,FOREVER FITNESS,1.0,120,CRITICAL,0.0,0.0,0
2019-12-01,20249,UNDERWARE,commodity,FEMINIS,1.0,120,CRITICAL,0.0,0.0,0
2019-12-01,21843,LINHA NOITE,commodity,LAIBEL,2.0,108,CRITICAL,0.0,0.0,5
2019-12-01,22248,MODA PRAIA,commodity,HERMES BALI,1.0,120,CRITICAL,0.0,0.0,0
2019-12-01,22647,UNDERWARE,commodity,FLOR LINGERIE,1.0,120,CRITICAL,0.0,0.0,0
2019-12-01,25029,UNDERWARE,commodity,LIZ,1.0,120,CRITICAL,0.0,0.0,5
2019-12-01,26948,UNDERWARE,commodity,DIVA DONNA,5.0,108,CRITICAL,3.45,372.6,0
2019-12-01,31903,LINHA NOITE,seasonal,SENSARE,1.0,264,CRITICAL,0.0,0.0,5
2019-12-02,952,UNDERWARE,commodity,VI LINGERIE,4.0,108,CRITICAL,4.22,455.76,5
2019-12-02,2387,UNDERWARE,commodity,ZEE RUCCI,2.0,108,CRITICAL,36.81,3975.48,5
2019-12-02,2438,UNDERWARE,commodity,ZEE RUCCI,2.0,108,CRITICAL,12.24,1321.92,5
2019-12-02,3567,UNDERWARE,commodity,ZEE RUCCI,3.0,108,CRITICAL,10.92,1179.36,0
2019-12-02,8765,UNDERWARE,commodity,DIVA DONNA,4.0,108,CRITICAL,6.37,687.96,0
2019-12-02,10451,UNDERWARE,commodity,CLASS,2.0,108,CRITICAL,12.08,1304.64,0
2019-12-02,13274,MODA PRAIA,seasonal,RIVANNA,2.0,264,CRITICAL,23.73,6264.72,5
2019-12-02,14524,UNDERWARE,commodity,VI LINGERIE,1.0,120,CRITICAL,12.9,1548.0,5
2019-12-02,15051,UNDERWARE,commodity,FEMINIS,1.0,120,CRITICAL,0.0,0.0,0
2019-12-02,16631,MODA PRAIA,seasonal,CLASS,1.0,264,CRITICAL,0.0,0.0,5
2019-12-02,19982,FITNESS,commodity,FOREVER FITNESS,1.0,120,CRITICAL,0.0,0.0,0
2019-12-02,20991,UNDERWARE,commodity,ABSOLUT,2.0,108,CRITICAL,0.0,0.0,0
2019-12-02,21805,MODA PRAIA,commodity,RIVANNA,2.0,108,CRITICAL,0.0,0.0,5
2019-12-02,22757,UNDERWARE,commodity,ZEE RUCCI,3.0,108,CRITICAL,0.0,0.0,2
2019-12-02,25025,UNDERWARE,commodity,LIZ,1.0,120,CRITICAL,0.0,0.0,0
2019-12-02,32067,UNDERWARE,commodity,DIRA,4.0,108,CRITICAL,0.0,0.0,0
2019-12-02,32337,UNDERWARE,commodity,TRIFIL,2.0,108,CRITICAL,0.0,0.0,5
2019-12-03,3,UNDERWARE,commodity,TRIFIL,2.0,108,CRITICAL,14.51,1567.08,5
2019-12-03,1568,UNDERWARE,commodity,DIVA DONNA,3.0,108,CRITICAL,3.45,372.6,5
2019-12-03,4615,MODA PRAIA,commodity,CLASS,3.0,108,CRITICAL,13.16,1421.28,0
2019-12-03,4832,UNDERWARE,commodity,TRIFIL,3.0,108,CRITICAL,13.11,1415.88,4
2019-12-03,5116,UNDERWARE,commodity,CLASS,1.0,120,CRITICAL,5.95,714.0,5
2019-12-03,6723,UNDERWARE,commodity,TRIFIL,7.0,108,CRITICAL,13.11,1415.88,4
2019-12-03,8159,MODA PRAIA,commodity,CLASS,2.0,108,CRITICAL,11.65,1258.2,0
2019-12-03,9699,MODA PRAIA,commodity,RIVANNA,4.0,108,CRITICAL,20.93,2260.44,0
2019-12-03,12957,UNDERWARE,commodity,MASH,5.0,108,CRITICAL,10.82,1168.56,5
2019-12-03,13994,MODA PRAIA,seasonal,CLASS,4.0,252,CRITICAL,0.0,0.0,0
2019-12-03,13999,MODA PRAIA,seasonal,CLASS,2.0,264,CRITICAL,0.0,0.0,0
2019-12-03,14100,UNDERWARE,commodity,ZEE RUCCI,3.0,108,CRITICAL,10.47,1130.76,0
2019-12-03,14939,UNDERWARE,commodity,FEMINIS,7.0,108,CRITICAL,0.0,0.0,5
2019-12-03,15063,UNDERWARE,commodity,FEMINIS,1.0,120,CRITICAL,0.0,0.0,0
2019-12-03,15086,UNDERWARE,commodity,FEMINIS,5.0,108,CRITICAL,0.0,0.0,5
2019-12-03,15406,MODA PRAIA,commodity,RIVANNA,3.0,108,CRITICAL,0.0,0.0,0
2019-12-03,16128,MODA PRAIA,commodity,RIVANNA,6.0,108,CRITICAL,20.93,2260.44,0
2019-12-03,21963,FITNESS,commodity,FOREVER FITNESS,1.0,120,CRITICAL,0.0,0.0,0
2019-12-03,26784,MODA PRAIA,commodity,CLASS,2.0,108,CRITICAL,0.0,0.0,0
2019-12-03,31211,UNDERWARE,commodity,LOVE SECRET,1.0,120,CRITICAL,0.0,0.0,0
2019-12-03,32338,UNDERWARE,commodity,TRIFIL,4.0,108,CRITICAL,0.0,0.0,5
2019-12-03,34294,UNDERWARE,commodity,ZEE RUCCI,2.0,108,CRITICAL,0.0,0.0,0
2019-12-03,35131,LINHA NOITE,commodity,LAIBEL,4.0,108,CRITICAL,0.0,0.0,5
2019-12-03,35179,MODA PRAIA,commodity,CLASS,3.0,108,CRITICAL,0.0,0.0,0
2019-12-04,714,UNDERWARE,commodity,LUPO,1.0,120,CRITICAL,5.7,684.0,5
2019-12-04,1569,UNDERWARE,commodity,DIVA DONNA,2.0,108,CRITICAL,3.45,372.6,0
2019-12-04,4608,MODA PRAIA,commodity,CLASS,2.0,108,CRITICAL,13.16,1421.28,0
2019-12-04,6351,UNDERWARE,commodity,DIVA DONNA,2.0,108,CRITICAL,4.0,432.0,5
2019-12-04,6357,UNDERWARE,commodity,DIVA DONNA,4.0,108,CRITICAL,3.85,415.8,5
2019-12-04,10198,EROTICA,commodity,EROSS AFRODITE,1.0,120,CRITICAL,0.0,0.0,5
2019-12-04,11642,MODA PRAIA,commodity,RIVANNA,6.0,108,CRITICAL,0.0,0.0,5
2019-12-04,13886,MODA PRAIA,seasonal,RIVANNA,3.0,252,CRITICAL,0.0,0.0,0
2019-12-04,14644,UNDERWARE,commodity,VI LINGERIE,2.0,108,CRITICAL,0.0,0.0,5
2019-12-04,15262,MODA PRAIA,commodity,CLASS,3.0,108,CRITICAL,0.0,0.0,0
2019-12-04,16131,MODA PRAIA,commodity,RIVANNA,3.0,108,CRITICAL,20.93,2260.44,0
2019-12-04,20609,UNDERWARE,commodity,VISLUMBRE,2.0,108,CRITICAL,0.0,0.0,0
2019-12-04,22930,LINHA NOITE,commodity,LU MODAS,2.0,108,CRITICAL,0.0,0.0,5
2019-12-04,22954,UNDERWARE,commodity,FEMINIS,1.0,120,CRITICAL,0.0,0.0,0
2019-12-04,23095,UNDERWARE,commodity,VI LINGERIE,3.0,108,CRITICAL,0.0,0.0,0
2019-12-04,23424,UNDERWARE,commodity,VI LINGERIE,4.0,108,CRITICAL,0.0,0.0,5
2019-12-04,24618,UNDERWARE,commodity,DIVA DONNA,1.0,120,CRITICAL,4.0,480.0,0
2019-12-04,24824,UNDERWARE,commodity,FINA ESTAMPA,5.0,108,CRITICAL,0.0,0.0,5
2019-12-04,26789,MODA PRAIA,commodity,CLASS,4.0,108,CRITICAL,0.0,0.0,0
2019-12-04,26853,UNDERWARE,commodity,VI LINGERIE,4.0,108,CRITICAL,19.89,2148.12,5
2019-12-04,27793,LINHA NOITE,seasonal,LACK,3.0,252,CRITICAL,0.0,0.0,0
2019-12-04,28057,UNDERWARE,commodity,FINA ESTAMPA,3.0,108,CRITICAL,0.0,0.0,0
2019-12-04,33632,LINHA NOITE,commodity,MENSAGEIRO DOS SONHOS,3.0,108,CRITICAL,0.0,0.0,0
2019-12-04,33879,LINHA NOITE,seasonal,SONHO DE PIJAMA,2.0,264,CRITICAL,0.0,0.0,1
2019-12-04,34055,UNDERWARE,commodity,LIZ,1.0,120,CRITICAL,0.0,0.0,0
2019-12-04,34060,UNDERWARE,commodity,TOP CAT,1.0,120,CRITICAL,0.0,0.0,0
2019-12-04,34565,UNDERWARE,commodity,LOVE SECRET,3.0,108,CRITICAL,0.0,0.0,5
2019-12-05,231,EROTICA,commodity,EROSS AFRODITE,1.0,120,CRITICAL,6.79,814.8,5
2019-12-05,2981,UNDERWARE,commodity,ISABELLE LINGERIE,1.0,120,CRITICAL,5.0,600.0,0
2019-12-05,8784,UNDERWARE,commodity,DIVA DONNA,1.0,120,CRITICAL,5.11,613.2,0
2019-12-05,11086,UNDERWARE,commodity,LIZ,1.0,120,CRITICAL,0.0,0.0,0
2019-12-05,11639,MODA PRAIA,seasonal,RIVANNA,3.0,252,CRITICAL,0.0,0.0,0
2019-12-05,15244,UNDERWARE,commodity,DEMILLUS,1.0,120,CRITICAL,0.0,0.0,0
2019-12-05,15253,MODA PRAIA,commodity,CLASS,3.0,108,CRITICAL,20.6,2224.8,0
2019-12-05,15974,UNDERWARE,commodity,CLASS,2.0,108,CRITICAL,0.0,0.0,5
2019-12-05,16136,MODA PRAIA,commodity,RIVANNA,2.0,108,CRITICAL,20.93,2260.44,0
2019-12-05,16187,MODA PRAIA,commodity,RIVANNA,2.0,108,CRITICAL,0.0,0.0,0
2019-12-05,16321,FITNESS,commodity,FOREVER FITNESS,1.0,120,CRITICAL,0.0,0.0,0
2019-12-05,17314,VESTUARIO,commodity,REDPLAY,1.0,120,CRITICAL,0.0,0.0,0
2019-12-05,20873,LINHA NOITE,commodity,LU MODAS,2.0,108,CRITICAL,0.0,0.0,0
2019-12-05,20997,UNDERWARE,commodity,EDVANI PROMO,1.0,120,CRITICAL,0.0,0.0,0
2019-12-05,22339,UNDERWARE,commodity,VISLUMBRE,1.0,120,CRITICAL,0.0,0.0,5
2019-12-05,27346,VESTUARIO,commodity,BRAS,1.0,120,CRITICAL,0.0,0.0,5
2019-12-05,31206,UNDERWARE,commodity,LOVE SECRET,2.0,108,CRITICAL,0.0,0.0,0
2019-12-05,31218,UNDERWARE,commodity,LOVE SECRET,2.0,108,CRITICAL,0.0,0.0,5
2019-12-05,32013,UNDERWARE,commodity,DIRA,2.0,108,CRITICAL,0.0,0.0,5
2019-12-05,34546,LINHA NOITE,seasonal,REISUL,5.0,504,CRITICAL,0.0,0.0,5
2019-12-06,279,UNDERWARE,commodity,LUPO,7.0,108,CRITICAL,5.7,615.6,5
2019-12-06,1018,UNDERWARE,commodity,VI LINGERIE,2.0,108,CRITICAL,26.28,2838.24,0
2019-12-06,1565,UNDERWARE,commodity,DIVA DONNA,1.0,120,CRITICAL,3.45,414.0,0
2019-12-06,3103,UNDERWARE,commodity,VI LINGERIE,1.0,120,CRITICAL,0.0,0.0,0
2019-12-06,3566,UNDERWARE,commodity,ZEE RUCCI,3.0,108,CRITICAL,10.92,1179.36,5
2019-12-06,6637,EROTICA,commodity,SEX SHOP,4.0,108,CRITICAL,9.9,1069.2,0
2019-12-06,8746,UNDERWARE,commodity,DIVA DONNA,1.0,120,CRITICAL,4.55,546.0,5
2019-12-06,11660,MODA PRAIA,commodity,SAMPRAIA,1.0,120,CRITICAL,17.9,2148.0,0
2019-12-06,15283,UNDERWARE,commodity,ZEE RUCCI,3.0,108,CRITICAL,0.0,0.0,0
2019-12-06,16153,MODA PRAIA,commodity,RIVANNA,1.0,120,CRITICAL,0.0,0.0,0
2019-12-06,16192,MODA PRAIA,commodity,RIVANNA,2.0,108,CRITICAL,0.0,0.0,0
2019-12-06,20239,UNDERWARE,commodity,VISLUMBRE,4.0,108,CRITICAL,0.0,0.0,5
2019-12-06,20259,UNDERWARE,commodity,TOP CAT,1.0,120,CRITICAL,0.0,0.0,0
2019-12-06,20876,LINHA NOITE,commodity,LU MODAS,4.0,108,CRITICAL,0.0,0.0,5
2019-12-06,20981,UNDERWARE,commodity,ABSOLUT,1.0,120,CRITICAL,0.0,0.0,0
2019-12-06,21991,FITNESS,commodity,FOREVER FITNESS,2.0,108,CRITICAL,0.0,0.0,5
2019-12-06,22225,LINHA NOITE,seasonal,SONHO DE PIJAMA,1.0,264,CRITICAL,0.0,0.0,0
2019-12-06,23039,FITNESS,commodity,FOREVER FITNESS,1.0,120,CRITICAL,0.0,0.0,0
2019-12-06,24327,UNDERWARE,commodity,DIVA DONNA,4.0,108,CRITICAL,3.45,372.6,5
2019-12-06,26760,MODA PRAIA,commodity,CLASS,7.0,108,CRITICAL,0.0,0.0,0
2019-12-06,27876,LINHA NOITE,seasonal,SONHO DE PIJAMA,3.0,252,CRITICAL,0.0,0.0,0
2019-12-06,29024,UNDERWARE,commodity,ANNI,2.0,108,CRITICAL,0.0,0.0,0
2019-12-06,30568,UNDERWARE,commodity,VI LINGERIE,1.0,120,CRITICAL,0.0,0.0,0
2019-12-06,30643,UNDERWARE,commodity,VI LINGERIE,3.0,108,CRITICAL,13.2,1425.6,5
2019-12-06,31213,UNDERWARE,commodity,LOVE SECRET,2.0,108,CRITICAL,0.0,0.0,5
2019-12-07,3100,UNDERWARE,commodity,VI LINGERIE,5.0,108,CRITICAL,0.0,0.0,5
2019-12-07,4879,UNDERWARE,commodity,VENE,1.0,120,CRITICAL,9.53,1143.6,0
2019-12-07,7373,UNDERWARE,commodity,ZEE RUCCI,1.0,120,CRITICAL,5.7,684.0,5
2019-12-07,8128,MODA PRAIA,commodity,CLASS,6.0,108,CRITICAL,13.16,1421.28,5
2019-12-07,8683,UNDERWARE,commodity,ISABELLE LINGERIE,3.0,108,CRITICAL,10.0,1080.0,0
2019-12-07,10435,UNDERWARE,commodity,MASH,2.0,108,CRITICAL,10.82,1168.56,5
2019-12-07,12792,MODA PRAIA,commodity,CLASS,2.0,108,CRITICAL,0.0,0.0,5
2019-12-07,13965,UNDERWARE,commodity,CLASS,1.0,120,CRITICAL,0.0,0.0,0
2019-12-07,15088,UNDERWARE,commodity,FEMINIS,3.0,108,CRITICAL,0.0,0.0,5
2019-12-07,15203,MODA PRAIA,commodity,CLASS,1.0,120,CRITICAL,11.65,1398.0,0
2019-12-07,18051,MODA PRAIA,seasonal,CLASS,3.0,252,CRITICAL,0.0,0.0,5
2019-12-07,19841,FITNESS,commodity,FOREVER FITNESS,3.0,108,CRITICAL,0.0,0.0,0
2019-12-07,20255,UNDERWARE,commodity,TOP CAT,2.0,108,CRITICAL,0.0,0.0,5
2019-12-07,21064,LINHA NOITE,seasonal,LACK,1.0,264,CRITICAL,0.0,0.0,5
2019-12-07,21775,EROTICA,commodity,ROSA SAFIRA,1.0,120,CRITICAL,0.0,0.0,0
2019-12-07,22234,LINHA NOITE,seasonal,SONHO DE PIJAMA,2.0,264,CRITICAL,0.0,0.0,5
2019-12-07,25027,UNDERWARE,commodity,LIZ,1.0,120,CRITICAL,0.0,0.0,5
2019-12-07,26949,UNDERWARE,commodity,DIVA DONNA,4.0,108,CRITICAL,3.45,372.6,5
2019-12-07,28830,UNDERWARE,commodity,CLASS,1.0,120,CRITICAL,13.14,1576.8,0
2019-12-07,30903,UNDERWARE,commodity,DIVA DONNA,3.0,108,CRITICAL,3.45,372.6,5
2019-12-07,34074,UNDERWARE,commodity,CLASS,1.0,120,CRITICAL,0.0,0.0,5
2019-12-07,34207,LINHA NOITE,seasonal,SONHO DE PIJAMA,3.0,252,CRITICAL,0.0,0.0,5
2019-12-07,35071,UNDERWARE,commodity,ISABELLE LINGERIE,1.0,120,CRITICAL,0.0,0.0,5
2019-12-08,1577,UNDERWARE,commodity,DIVA DONNA,1.0,120,CRITICAL,3.45,414.0,5
2019-12-08,2328,UNDERWARE,commodity,VI LINGERIE,1.0,120,CRITICAL,9.87,1184.4,0
2019-12-08,2437,UNDERWARE,commodity,ZEE RUCCI,3.0,108,CRITICAL,12.24,1321.92,5
2019-12-08,6722,UNDERWARE,commodity,TRIFIL,1.0,120,CRITICAL,8.15,978.0,5
2019-12-08,8751,UNDERWARE,commodity,DIVA DONNA,2.0,108,CRITICAL,4.55,491.4,5
2019-12-08,10133,UNDERWARE,commodity,DEMILLUS,1.0,120,CRITICAL,0.0,0.0,5
2019-12-08,11070,UNDERWARE,commodity,LIZ,2.0,108,CRITICAL,0.0,0.0,0
2019-12-08,14850,MODA PRAIA,commodity,CLASS,7.0,108,CRITICAL,13.16,1421.28,5
2019-12-08,16319,FITNESS,commodity,FOREVER FITNESS,1.0,120,CRITICAL,0.0,0.0,0
2019-12-08,17981,FITNESS,commodity,FOREVER FITNESS,1.0,120,CRITICAL,0.0,0.0,0
2019-12-08,19350,LINHA NOITE,seasonal,SONHO DE PIJAMA,1.0,264,CRITICAL,0.0,0.0,0
2019-12-08,20110,MODA PRAIA,seasonal,CLASS,2.0,264,CRITICAL,0.0,0.0,5
2019-12-08,22707,UNDERWARE,commodity,ANNI,1.0,120,CRITICAL,0.0,0.0,5
2019-12-08,22759,UNDERWARE,commodity,ZEE RUCCI,1.0,120,CRITICAL,0.0,0.0,5
2019-12-08,27794,LINHA NOITE,seasonal,LACK,1.0,264,CRITICAL,0.0,0.0,5
2019-12-08,28335,MODA PRAIA,commodity,CLASS,3.0,108,CRITICAL,0.0,0.0,0
2019-12-08,28916,MODA PRAIA,commodity,CLASS,1.0,120,CRITICAL,11.65,1398.0,0
2019-12-08,29950,EROTICA,commodity,PIMENTA QUENTE,2.0,108,CRITICAL,21.0,2268.0,0
2019-12-08,31189,MODA PRAIA,commodity,LAMAR,5.0,108,CRITICAL,0.0,0.0,0
2019-12-08,32181,FITNESS,commodity,FOREVER FITNESS,2.0,108,CRITICAL,0.0,0.0,0
2019-12-08,32970,LINHA NOITE,seasonal,SENSARE,3.0,252,CRITICAL,0.0,0.0,5
2019-12-08,34204,LINHA NOITE,seasonal,SONHO DE PIJAMA,2.0,264,CRITICAL,0.0,0.0,5
2019-12-09,420,UNDERWARE,commodity,DIVA DONNA,2.0,108,CRITICAL,3.02,326.16,0
2019-12-09,896,UNDERWARE,commodity,CLASS,3.0,108,CRITICAL,5.48,591.84,5
2019-12-09,934,UNDERWARE,commodity,VI LINGERIE,2.0,108,CRITICAL,10.95,1182.6,0
2019-12-09,5640,UNDERWARE,commodity,CLASS,5.0,108,CRITICAL,16.43,1774.44,5
2019-12-09,6305,UNDERWARE,commodity,DIVA DONNA,3.0,108,CRITICAL,3.02,326.16,5
2019-12-09,7371,UNDERWARE,commodity,ZEE RUCCI,2.0,108,CRITICAL,5.7,615.6,5
2019-12-09,10514,UNDERWARE,commodity,TRIFIL,1.0,120,CRITICAL,4.08,489.6,1
2019-12-09,12532,MODA PRAIA,seasonal,TOP CAT,1.0,264,CRITICAL,20.5,5412.0,0
2019-12-09,15097,UNDERWARE,commodity,FEMINIS,1.0,120,CRITICAL,0.0,0.0,0
2019-12-09,16984,UNDERWARE,commodity,EMOCIONE,1.0,120,CRITICAL,0.0,0.0,0
2019-12-09,17980,FITNESS,commodity,FOREVER FITNESS,1.0,120,CRITICAL,0.0,0.0,0
2019-12-09,18089,UNDERWARE,commodity,CLASS,1.0,120,CRITICAL,0.0,0.0,5
2019-12-09,19299,UNDERWARE,commodity,FEMINIS,1.0,120,CRITICAL,0.0,0.0,0
2019-12-09,21802,MODA PRAIA,seasonal,CLASS,2.0,264,CRITICAL,0.0,0.0,0
2019-12-09,21820,MODA PRAIA,seasonal,CLASS,3.0,252,CRITICAL,0.0,0.0,0
2019-12-09,24806,UNDERWARE,commodity,CLASS,3.0,108,CRITICAL,0.0,0.0,5
2019-12-09,26383,MODA PRAIA,commodity,CLASS,2.0,108,CRITICAL,0.0,0.0,0
2019-12-09,26476,MODA PRAIA,commodity,RIVANNA,1.0,120,CRITICAL,20.93,2511.6,0
2019-12-09,29017,UNDERWARE,commodity,ANNI,2.0,108,CRITICAL,0.0,0.0,5
2019-12-09,32191,UNDERWARE,commodity,TETRA LINGERIE,1.0,120,CRITICAL,0.0,0.0,5
2019-12-09,34528,LINHA NOITE,seasonal,REISUL,3.0,252,CRITICAL,0.0,0.0,0
2019-12-10,431,UNDERWARE,commodity,DIVA DONNA,1.0,120,CRITICAL,3.02,362.4,5
2019-12-10,627,UNDERWARE,commodity,DEGLIN,1.0,120,CRITICAL,4.5,540.0,0
2019-12-10,905,UNDERWARE,commodity,CLASS,3.0,108,CRITICAL,5.95,642.6,0
2019-12-10,4588,MODA PRAIA,commodity,CLASS,4.0,108,CRITICAL,11.65,1258.2,0
2019-12-10,7379,UNDERWARE,commodity,ZEE RUCCI,4.0,108,CRITICAL,5.19,560.52,0
2019-12-10,8921,UNDERWARE,commodity,CLASS,3.0,108,CRITICAL,18.13,1958.04,0
2019-12-10,14615,UNDERWARE,commodity,VI LINGERIE,2.0,108,CRITICAL,0.0,0.0,5
2019-12-10,15531,MODA PRAIA,commodity,CLASS,1.0,120,CRITICAL,0.0,0.0,0
2019-12-10,16119,MODA PRAIA,commodity,RIVANNA,1.0,120,CRITICAL,0.0,0.0,0
2019-12-10,16591,UNDERWARE,commodity,ANNI,1.0,120,CRITICAL,0.0,0.0,0
2019-12-10,16987,MODA PRAIA,commodity,CLASS,1.0,120,CRITICAL,0.0,0.0,5
2019-12-10,18181,UNDERWARE,commodity,ABSOLUT,2.0,108,CRITICAL,0.0,0.0,0
2019-12-10,19280,UNDERWARE,commodity,FEMINIS,3.0,108,CRITICAL,0.0,0.0,5
2019-12-10,20168,MODA PRAIA,commodity,RIVANNA,1.0,120,CRITICAL,0.0,0.0,5
2019-12-10,24192,LINHA NOITE,seasonal,CORPO SENSUAL,1.0,264,CRITICAL,0.0,0.0,0
2019-12-10,26759,MODA PRAIA,commodity,CLASS,2.0,108,CRITICAL,0.0,0.0,0
2019-12-10,29037,UNDERWARE,commodity,FINA ESTAMPA,2.0,108,CRITICAL,0.0,0.0,5
2019-12-10,31893,LINHA NOITE,seasonal,SENSARE,1.0,264,CRITICAL,0.0,0.0,5
2019-12-10,32282,UNDERWARE,commodity,DESEJO DE USAR,1.0,120,CRITICAL,0.0,0.0,0
2019-12-10,32972,LINHA NOITE,seasonal,SENSARE,3.0,252,CRITICAL,0.0,0.0,5
2019-12-10,34196,LINHA NOITE,seasonal,SONHO DE PIJAMA,3.0,252,CRITICAL,0.0,0.0,0
2019-12-10,34352,UNDERWARE,commodity,EMOCIONE,1.0,120,CRITICAL,0.0,0.0,0
2019-12-10,34510,LINHA NOITE,seasonal,SENSARE,3.0,252,CRITICAL,0.0,0.0,5
2019-12-10,35114,LINHA NOITE,seasonal,TOQUE INTIMO,1.0,264,CRITICAL,0.0,0.0,0
2019-12-11,2436,UNDERWARE,commodity,ZEE RUCCI,1.0,120,CRITICAL,12.24,1468.8,5
2019-12-11,3750,UNDERWARE,commodity,CLASS,4.0,108,CRITICAL,6.55,707.4,5
2019-12-11,6767,UNDERWARE,commodity,CLASS,3.0,108,CRITICAL,13.14,1419.12,5
2019-12-11,7369,UNDERWARE,commodity,ZEE RUCCI,3.0,108,CRITICAL,5.7,615.6,5
2019-12-11,8166,EROTICA,commodity,EROSS AFRODITE,2.0,108,CRITICAL,5.5,594.0,5
2019-12-11,8301,UNDERWARE,commodity,DEMILLUS,1.0,120,CRITICAL,0.0,0.0,5
2019-12-11,8759,UNDERWARE,commodity,DIVA DONNA,6.0,108,CRITICAL,6.37,687.96,5
2019-12-11,9696,MODA PRAIA,commodity,RIVANNA,1.0,120,CRITICAL,20.93,2511.6,0
2019-12-11,11635,MODA PRAIA,seasonal,RIVANNA,2.0,264,CRITICAL,0.0,0.0,0
2019-12-11,14400,LINHA NOITE,seasonal,MENSAGEIRO DOS SONHOS,1.0,264,CRITICAL,0.0,0.0,0
2019-12-11,16046,MODA PRAIA,commodity,LAMAR,5.0,108,CRITICAL,0.0,0.0,0
2019-12-11,16124,MODA PRAIA,commodity,RIVANNA,4.0,108,CRITICAL,0.0,0.0,5
2019-12-11,20165,MODA PRAIA,commodity,RIVANNA,2.0,108,CRITICAL,0.0,0.0,0
2019-12-11,21921,MODA PRAIA,commodity,LAMAR,7.0,108,CRITICAL,0.0,0.0,5
2019-12-11,21981,FITNESS,commodity,FOREVER FITNESS,1.0,120,CRITICAL,0.0,0.0,0
2019-12-11,25266,UNDERWARE,commodity,TRIFIL,1.0,120,CRITICAL,6.24,748.8,5
2019-12-11,30642,UNDERWARE,commodity,VI LINGERIE,1.0,120,CRITICAL,13.2,1584.0,5
2019-12-11,31916,LINHA NOITE,seasonal,TOQUE INTIMO,5.0,252,CRITICAL,0.0,0.0,5
2019-12-11,33453,LINHA NOITE,seasonal,SONHO DE PIJAMA,1.0,264,CRITICAL,0.0,0.0,0
2019-12-12,2482,UNDERWARE,commodity,DIVA DONNA,1.0,120,CRITICAL,5.53,663.6,5
2019-12-12,4596,MODA PRAIA,commodity,CLASS,5.0,108,CRITICAL,13.16,1421.28,0
2019-12-12,6484,UNDERWARE,commodity,ZEE RUCCI,1.0,120,CRITICAL,10.92,1310.4,5
2019-12-12,8789,UNDERWARE,commodity,DIVA DONNA,1.0,120,CRITICAL,5.11,613.2,5
2019-12-12,12715,MODA PRAIA,commodity,CLASS,2.0,108,CRITICAL,0.0,0.0,0
2019-12-12,13973,MODA PRAIA,seasonal,CLASS,1.0,264,CRITICAL,0.0,0.0,5
2019-12-12,14476,UNDERWARE,commodity,VI LINGERIE,6.0,108,CRITICAL,0.0,0.0,5
2019-12-12,15256,MODA PRAIA,commodity,CLASS,4.0,108,CRITICAL,0.0,0.0,0
2019-12-12,15533,MODA PRAIA,commodity,CLASS,2.0,108,CRITICAL,0.0,0.0,0
2019-12-12,15546,MODA PRAIA,commodity,CLASS,2.0,108,CRITICAL,0.0,0.0,0
2019-12-12,19859,MODA PRAIA,seasonal,RIVANNA,1.0,264,CRITICAL,0.0,0.0,0
2019-12-12,19865,UNDERWARE,commodity,CLASS,2.0,108,CRITICAL,0.0,0.0,0
2019-12-12,22715,UNDERWARE,commodity,ANNI,1.0,120,CRITICAL,0.0,0.0,5
2019-12-12,26745,MODA PRAIA,seasonal,CLASS,2.0,264,CRITICAL,0.0,0.0,0
2019-12-12,27309,UNDERWARE,commodity,CLASS,2.0,108,CRITICAL,22.14,2391.12,0
2019-12-12,30907,UNDERWARE,commodity,DIVA DONNA,2.0,108,CRITICAL,5.53,597.24,5
2019-12-12,31217,UNDERWARE,commodity,LOVE SECRET,2.0,108,CRITICAL,0.0,0.0,5
2019-12-12,32284,UNDERWARE,commodity,DESEJO DE USAR,1.0,120,CRITICAL,0.0,0.0,0
2019-12-12,33327,LINHA NOITE,seasonal,SENSARE,5.0,252,CRITICAL,0.0,0.0,4
2019-12-12,33370,LINHA NOITE,commodity,CORPO SENSUAL,2.0,108,CRITICAL,0.0,0.0,0
2019-12-12,34083,UNDERWARE,commodity,TOP CAT,1.0,120,CRITICAL,0.0,0.0,5
2019-12-13,634,UNDERWARE,commodity,DEGLIN,1.0,120,CRITICAL,4.5,540.0,0
2019-12-13,908,UNDERWARE,commodity,CLASS,1.0,120,CRITICAL,5.48,657.6,5
2019-12-13,2384,UNDERWARE,commodity,ZEE RUCCI,5.0,108,CRITICAL,36.81,3975.48,5
2019-12-13,6578,UNDERWARE,commodity,MASH,1.0,120,CRITICAL,7.88,945.6,5
2019-12-13,11641,MODA PRAIA,seasonal,RIVANNA,7.0,252,CRITICAL,0.0,0.0,0
2019-12-13,15541,MODA PRAIA,commodity,CLASS,3.0,108,CRITICAL,0.0,0.0,0
2019-12-13,16063,MODA PRAIA,commodity,CLASS,1.0,120,CRITICAL,0.0,0.0,0
2019-12-13,16164,MODA PRAIA,commodity,RIVANNA,1.0,120,CRITICAL,0.0,0.0,0
2019-12-13,19296,UNDERWARE,commodity,FEMINIS,2.0,108,CRITICAL,0.0,0.0,0
2019-12-13,20106,MODA PRAIA,seasonal,CLASS,1.0,264,CRITICAL,0.0,0.0,0
2019-12-13,20281,UNDERWARE,commodity,TOP CAT,1.0,120,CRITICAL,0.0,0.0,5
2019-12-13,20880,LINHA NOITE,commodity,LU MODAS,1.0,120,CRITICAL,0.0,0.0,0
2019-12-13,21060,LINHA NOITE,seasonal,LACK,1.0,264,CRITICAL,0.0,0.0,5
2019-12-13,22732,UNDERWARE,commodity,ANNI,1.0,120,CRITICAL,0.0,0.0,5
2019-12-13,22758,UNDERWARE,commodity,ZEE RUCCI,1.0,120,CRITICAL,0.0,0.0,2
2019-12-13,30230,UNDERWARE,commodity,VI LINGERIE,1.0,120,CRITICAL,0.0,0.0,5
2019-12-13,30650,UNDERWARE,commodity,VI LINGERIE,1.0,120,CRITICAL,13.2,1584.0,5
2019-12-13,31167,MODA PRAIA,commodity,LAMAR,2.0,108,CRITICAL,0.0,0.0,0
2019-12-13,32790,UNDERWARE,commodity,DESEJO DE USAR,1.0,120,CRITICAL,0.0,0.0,0
2019-12-13,34059,UNDERWARE,commodity,TOP CAT,1.0,120,CRITICAL,0.0,0.0,5
2019-12-13,34300,UNDERWARE,commodity,DEMILLUS,6.0,108,CRITICAL,0.0,0.0,0
2019-12-13,35048,MODA PRAIA,commodity,HERMES BALI,1.0,120,CRITICAL,0.0,0.0,0
2019-12-14,889,UNDERWARE,commodity,MASH,7.0,108,CRITICAL,7.88,851.04,5
2019-12-14,3562,UNDERWARE,commodity,ZEE RUCCI,1.0,120,CRITICAL,9.12,1094.4,5
2019-12-14,4616,MODA PRAIA,commodity,CLASS,1.0,120,CRITICAL,13.16,1579.2,0
2019-12-14,5106,UNDERWARE,commodity,MASH,3.0,108,CRITICAL,7.88,851.04,5
2019-12-14,10131,UNDERWARE,commodity,DEMILLUS,1.0,120,CRITICAL,0.0,0.0,0
2019-12-14,11094,MODA PRAIA,seasonal,TOP CAT,1.0,264,CRITICAL,17.75,4686.0,0
2019-12-14,11797,UNDERWARE,commodity,TRIUMPH,1.0,120,CRITICAL,0.0,0.0,0
2019-12-14,12403,MODA PRAIA,seasonal,RIVANNA,1.0,264,CRITICAL,0.0,0.0,0
2019-12-14,12577,UNDERWARE,commodity,TRIFIL,7.0,108,CRITICAL,14.51,1567.08,0
2019-12-14,14648,UNDERWARE,commodity,VI LINGERIE,2.0,108,CRITICAL,0.0,0.0,5
2019-12-14,14929,UNDERWARE,commodity,FEMINIS,4.0,108,CRITICAL,0.0,0.0,5
2019-12-14,15070,UNDERWARE,commodity,FEMINIS,2.0,108,CRITICAL,0.0,0.0,0
2019-12-14,16202,MODA PRAIA,commodity,RIVANNA,5.0,108,CRITICAL,65.73,7098.84,0
2019-12-14,18060,MODA PRAIA,commodity,CLASS,2.0,108,CRITICAL,0.0,0.0,0
2019-12-14,18453,UNDERWARE,commodity,ANNI,2.0,108,CRITICAL,0.0,0.0,5
2019-12-14,18483,UNDERWARE,commodity,BELEZA ORIGINAL,1.0,120,CRITICAL,0.0,0.0,5
2019-12-14,20241,UNDERWARE,commodity,FEMINIS,4.0,108,CRITICAL,0.0,0.0,5
2019-12-14,21353,MODA PRAIA,commodity,CLASS,0.5,228,CRITICAL,0.0,0.0,0
2019-12-14,21842,LINHA NOITE,commodity,LAIBEL,1.0,120,CRITICAL,0.0,0.0,5
2019-12-14,22242,LINHA NOITE,seasonal,SONHO DE PIJAMA,1.0,264,CRITICAL,0.0,0.0,0
2019-12-14,26310,UNDERWARE,commodity,VI LINGERIE,2.0,108,CRITICAL,17.6,1900.8,5
2019-12-14,27347,VESTUARIO,commodity,BRAS,2.0,108,CRITICAL,0.0,0.0,5
2019-12-14,28932,UNDERWARE,commodity,CLASS,1.0,120,CRITICAL,0.0,0.0,5
2019-12-14,31581,MODA PRAIA,commodity,CLASS,3.0,108,CRITICAL,0.0,0.0,5
2019-12-14,31582,MODA PRAIA,commodity,CLASS,1.0,120,CRITICAL,0.0,0.0,0
2019-12-14,31614,MODA PRAIA,commodity,CLASS,1.0,120,CRITICAL,0.0,0.0,0
2019-12-14,32093,UNDERWARE,commodity,DIRA,1.0,120,CRITICAL,0.0,0.0,5
2019-12-14,34082,UNDERWARE,commodity,TOP CAT,2.0,108,CRITICAL,0.0,0.0,0
2019-12-14,34208,LINHA NOITE,seasonal,SONHO DE PIJAMA,1.0,264,CRITICAL,0.0,0.0,0
2019-12-15,228,UNDERWARE,commodity,EROSS AFRODITE,1.0,120,CRITICAL,5.2,624.0,0
2019-12-15,4492,EROTICA,commodity,SEX SHOP,6.0,108,CRITICAL,9.6,1036.8,0
2019-12-15,4589,MODA PRAIA,commodity,CLASS,1.0,120,CRITICAL,11.65,1398.0,0
2019-12-15,4698,MODA PRAIA,seasonal,RIVANNA,7.0,252,CRITICAL,25.83,6509.16,0
2019-12-15,7885,UNDERWARE,commodity,VI LINGERIE,6.0,108,CRITICAL,19.89,2148.12,5
2019-12-15,13063,MODA PRAIA,commodity,CLASS,7.0,108,CRITICAL,0.0,0.0,0
2019-12-15,15285,UNDERWARE,commodity,ZEE RUCCI,1.0,120,CRITICAL,0.0,0.0,0
2019-12-15,15446,UNDERWARE,commodity,FEMINIS,3.0,108,CRITICAL,0.0,0.0,0
2019-12-15,16208,MODA PRAIA,commodity,RIVANNA,1.0,120,CRITICAL,0.0,0.0,0
2019-12-15,16981,UNDERWARE,commodity,EMOCIONE,6.0,108,CRITICAL,0.0,0.0,0
2019-12-15,17985,FITNESS,commodity,FOREVER FITNESS,2.0,108,CRITICAL,0.0,0.0,0
2019-12-15,18166,MODA PRAIA,commodity,CLASS,5.0,108,CRITICAL,0.0,0.0,5
2019-12-15,19288,UNDERWARE,commodity,FEMINIS,7.0,108,CRITICAL,0.0,0.0,0
2019-12-15,20139,MODA PRAIA,commodity,RIVANNA,2.0,108,CRITICAL,0.0,0.0,5
2019-12-15,20253,UNDERWARE,commodity,TOP CAT,2.0,108,CRITICAL,0.0,0.0,5
2019-12-15,21368,MODA PRAIA,seasonal,RIVANNA,1.0,264,CRITICAL,23.73,6264.72,0
2019-12-15,23050,UNDERWARE,commodity,FEMINIS,5.0,108,CRITICAL,0.0,0.0,0
2019-12-15,24755,LINHA NOITE,seasonal,SENSARE,1.0,264,CRITICAL,0.0,0.0,0
2019-12-15,24819,UNDERWARE,commodity,FINA ESTAMPA,4.0,108,CRITICAL,0.0,0.0,5
2019-12-15,27800,LINHA NOITE,seasonal,LACK,1.0,264,CRITICAL,0.0,0.0,0
2019-12-15,27846,MODA PRAIA,commodity,RIVANNA,1.0,120,CRITICAL,0.0,0.0,0
2019-12-15,30155,MODA PRAIA,commodity,CLASS,1.0,120,CRITICAL,0.0,0.0,5
2019-12-15,34057,UNDERWARE,commodity,LIZ,1.0,120,CRITICAL,0.0,0.0,0
2019-12-15,34064,UNDERWARE,commodity,CLASS,2.0,108,CRITICAL,0.0,0.0,5
2019-12-15,34195,LINHA NOITE,seasonal,SONHO DE PIJAMA,2.0,264,CRITICAL,0.0,0.0,0
2019-12-16,1152,UNDERWARE,commodity,CLASS,5.0,108,CRITICAL,0.0,0.0,5
2019-12-16,1558,UNDERWARE,commodity,DIVA DONNA,4.0,108,CRITICAL,3.45,372.6,5
2019-12-16,1586,UNDERWARE,commodity,DIVA DONNA,2.0,108,CRITICAL,3.45,372.6,5
2019-12-16,2718,VESTUARIO,commodity,BRAS,1.0,120,CRITICAL,0.0,0.0,5
2019-12-16,3107,UNDERWARE,commodity,VI LINGERIE,3.0,108,CRITICAL,0.0,0.0,5
2019-12-16,3108,UNDERWARE,commodity,VI LINGERIE,3.0,108,CRITICAL,0.0,0.0,5
2019-12-16,3734,MODA PRAIA,seasonal,RIVANNA,3.0,252,CRITICAL,18.83,4745.16,0
2019-12-16,6007,UNDERWARE,commodity,VI LINGERIE,1.0,120,CRITICAL,11.61,1393.2,0
2019-12-16,8917,UNDERWARE,commodity,CLASS,2.0,108,CRITICAL,15.06,1626.48,0
2019-12-16,12789,MODA PRAIA,commodity,CLASS,2.0,108,CRITICAL,0.0,0.0,5
2019-12-16,14920,UNDERWARE,commodity,FEMINIS,2.0,108,CRITICAL,0.0,0.0,0
2019-12-16,16975,UNDERWARE,commodity,EMOCIONE,1.0,120,CRITICAL,0.0,0.0,0
2019-12-16,18057,MODA PRAIA,commodity,CLASS,1.0,120,CRITICAL,0.0,0.0,5
2019-12-16,20114,UNDERWARE,commodity,CLASS,7.0,108,CRITICAL,13.01,1405.08,5
2019-12-16,20230,UNDERWARE,commodity,VISLUMBRE,3.0,108,CRITICAL,0.0,0.0,0
2019-12-16,21107,UNDERWARE,commodity,ZEE RUCCI,1.0,120,CRITICAL,0.0,0.0,0
2019-12-16,23055,UNDERWARE,commodity,FEMINIS,1.0,120,CRITICAL,0.0,0.0,0
2019-12-16,23056,UNDERWARE,commodity,FEMINIS,1.0,120,CRITICAL,0.0,0.0,0
2019-12-16,25810,LINHA NOITE,seasonal,LACK,3.0,252,CRITICAL,0.0,0.0,0
2019-12-16,26369,MODA PRAIA,commodity,CLASS,2.0,108,CRITICAL,0.0,0.0,0
2019-12-16,26763,MODA PRAIA,seasonal,CLASS,1.0,264,CRITICAL,0.0,0.0,0
2019-12-16,26854,UNDERWARE,commodity,VI LINGERIE,1.0,120,CRITICAL,19.89,2386.8,5
2019-12-16,27865,LINHA NOITE,seasonal,LACK,3.0,252,CRITICAL,0.0,0.0,5
2019-12-16,29033,UNDERWARE,commodity,FINA ESTAMPA,2.0,108,CRITICAL,0.0,0.0,5
2019-12-16,30156,MODA PRAIA,commodity,CLASS,1.0,120,CRITICAL,0.0,0.0,0
2019-12-16,30904,UNDERWARE,commodity,DIVA DONNA,1.0,120,CRITICAL,3.45,414.0,5
2019-12-17,3451,LINHA NOITE,seasonal,LU MODAS,1.0,264,CRITICAL,19.8,5227.2,5
2019-12-17,6087,UNDERWARE,commodity,CLASS,5.0,108,CRITICAL,11.35,1225.8,0
2019-12-17,8332,UNDERWARE,commodity,ZEE RUCCI,7.0,108,CRITICAL,5.19,560.52,5
2019-12-17,8747,UNDERWARE,commodity,DIVA DONNA,1.0,120,CRITICAL,4.55,546.0,5
2019-12-17,12534,MODA PRAIA,seasonal,TOP CAT,1.0,264,CRITICAL,20.5,5412.0,0
2019-12-17,14349,UNDERWARE,commodity,CLASS,1.0,120,CRITICAL,6.85,822.0,0
2019-12-17,15045,UNDERWARE,commodity,ZEE RUCCI,5.0,108,CRITICAL,0.0,0.0,5
2019-12-17,15306,UNDERWARE,commodity,ZEE RUCCI,7.0,108,CRITICAL,0.0,0.0,0
2019-12-17,16173,MODA PRAIA,commodity,RIVANNA,5.0,108,CRITICAL,0.0,0.0,0
2019-12-17,16212,MODA PRAIA,commodity,RIVANNA,1.0,120,CRITICAL,0.0,0.0,0
2019-12-17,20240,UNDERWARE,commodity,FEMINIS,4.0,108,CRITICAL,0.0,0.0,5
2019-12-17,20511,MODA PRAIA,commodity,RIVANNA,1.0,120,CRITICAL,0.0,0.0,5
2019-12-17,21083,FITNESS,commodity,FOREVER FITNESS,2.0,108,CRITICAL,0.0,0.0,0
2019-12-17,22249,MODA PRAIA,commodity,HERMES BALI,2.0,108,CRITICAL,0.0,0.0,0
2019-12-17,27940,MODA PRAIA,seasonal,CLASS,1.0,264,CRITICAL,0.0,0.0,0
2019-12-17,28053,MODA PRAIA,commodity,CLASS,4.0,108,CRITICAL,0.0,0.0,0
2019-12-17,31162,MODA PRAIA,commodity,LAMAR,2.0,108,CRITICAL,0.0,0.0,0
2019-12-17,33621,LINHA NOITE,commodity,MENSAGEIRO DOS SONHOS,3.0,108,CRITICAL,0.0,0.0,5
2019-12-18,4235,UNDERWARE,commodity,EROSS AFRODITE,1.0,120,CRITICAL,4.93,591.6,0
2019-12-18,5641,UNDERWARE,commodity,CLASS,3.0,108,CRITICAL,16.43,1774.44,5
2019-12-18,13217,MODA PRAIA,commodity,CLASS,3.0,108,CRITICAL,0.0,0.0,0
2019-12-18,13986,MODA PRAIA,commodity,CLASS,5.0,108,CRITICAL,0.0,0.0,5
2019-12-18,15073,UNDERWARE,commodity,FEMINIS,1.0,120,CRITICAL,0.0,0.0,0
2019-12-18,15187,MODA PRAIA,seasonal,CLASS,2.0,264,CRITICAL,0.0,0.0,0
2019-12-18,15445,UNDERWARE,commodity,FEMINIS,4.0,108,CRITICAL,0.0,0.0,0
2019-12-18,15536,MODA PRAIA,commodity,CLASS,1.0,120,CRITICAL,0.0,0.0,0
2019-12-18,16200,MODA PRAIA,commodity,RIVANNA,1.0,120,CRITICAL,65.73,7887.6,0
2019-12-18,18193,UNDERWARE,commodity,VI LINGERIE,0.5,228,CRITICAL,0.0,0.0,5
2019-12-18,19282,UNDERWARE,commodity,FEMINIS,1.0,120,CRITICAL,0.0,0.0,5
2019-12-18,22532,LINHA NOITE,seasonal,TOQUE INTIMO,1.0,264,CRITICAL,0.0,0.0,5
2019-12-18,30884,UNDERWARE,commodity,CLASS,1.0,120,CRITICAL,0.0,0.0,5
2019-12-18,31058,UNDERWARE,commodity,VI LINGERIE,6.0,108,CRITICAL,0.0,0.0,5
2019-12-18,34077,UNDERWARE,commodity,TOP CAT,2.0,108,CRITICAL,0.0,0.0,0
2019-12-18,34545,LINHA NOITE,seasonal,REISUL,5.0,252,CRITICAL,0.0,0.0,5
2019-12-19,212,EROTICA,commodity,EROSS AFRODITE,3.0,108,CRITICAL,4.35,469.8,0
2019-12-19,1579,UNDERWARE,commodity,DIVA DONNA,4.0,108,CRITICAL,3.45,372.6,5
2019-12-19,7888,UNDERWARE,commodity,VI LINGERIE,2.0,108,CRITICAL,20.6,2224.8,5
2019-12-19,14655,UNDERWARE,commodity,VI LINGERIE,4.0,108,CRITICAL,0.0,0.0,5
2019-12-19,14923,UNDERWARE,commodity,FEMINIS,2.0,108,CRITICAL,0.0,0.0,5
2019-12-19,15076,UNDERWARE,commodity,FEMINIS,4.0,108,CRITICAL,0.0,0.0,5
2019-12-19,20174,MODA PRAIA,commodity,RIVANNA,1.0,120,CRITICAL,0.0,0.0,5
2019-12-19,21477,LINHA NOITE,commodity,LU MODAS,1.0,120,CRITICAL,0.0,0.0,0
2019-12-19,22340,UNDERWARE,commodity,VISLUMBRE,3.0,108,CRITICAL,0.0,0.0,0
2019-12-19,22733,UNDERWARE,commodity,ANNI,1.0,120,CRITICAL,0.0,0.0,5
2019-12-19,23436,UNDERWARE,commodity,MASH,3.0,108,CRITICAL,7.88,851.04,5
2019-12-19,28359,UNDERWARE,commodity,VI LINGERIE,4.0,108,CRITICAL,0.0,0.0,0
2019-12-19,28361,UNDERWARE,commodity,VI LINGERIE,1.0,120,CRITICAL,0.0,0.0,0
2019-12-19,32971,LINHA NOITE,seasonal,SENSARE,4.0,252,CRITICAL,0.0,0.0,5
2019-12-19,34508,LINHA NOITE,seasonal,SENSARE,1.0,264,CRITICAL,0.0,0.0,0
2019-12-19,34523,LINHA NOITE,seasonal,SENSARE,2.0,264,CRITICAL,0.0,0.0,0
2019-12-20,87,UNDERWARE,commodity,CLASS,2.0,108,CRITICAL,12.08,1304.64,5
2019-12-20,659,UNDERWARE,commodity,CLASS,5.0,108,CRITICAL,0.0,0.0,5
2019-12-20,1582,UNDERWARE,commodity,DIVA DONNA,4.0,108,CRITICAL,3.45,372.6,5
2019-12-20,11311,UNDERWARE,commodity,ZEE RUCCI,2.0,108,CRITICAL,5.65,610.2,5
2019-12-20,11788,UNDERWARE,commodity,TRIUMPH,1.0,120,CRITICAL,0.0,0.0,0
2019-12-20,13136,UNDERWARE,commodity,TRIFIL,6.0,108,CRITICAL,5.93,640.44,5
2019-12-20,14103,UNDERWARE,commodity,ZEE RUCCI,2.0,108,CRITICAL,10.47,1130.76,0
2019-12-20,14944,UNDERWARE,commodity,FEMINIS,2.0,108,CRITICAL,0.0,0.0,0
2019-12-20,19840,FITNESS,commodity,FOREVER FITNESS,5.0,108,CRITICAL,0.0,0.0,0
2019-12-20,20275,UNDERWARE,commodity,TOP CAT,1.0,120,CRITICAL,0.0,0.0,0
2019-12-20,22376,UNDERWARE,commodity,LIZ,2.0,108,CRITICAL,0.0,0.0,5
2019-12-20,22760,UNDERWARE,commodity,ZEE RUCCI,2.0,108,CRITICAL,0.0,0.0,5
2019-12-20,23061,UNDERWARE,commodity,VI LINGERIE,1.0,120,CRITICAL,0.0,0.0,5
2019-12-20,26315,UNDERWARE,commodity,VI LINGERIE,2.0,108,CRITICAL,17.6,1900.8,5
2019-12-20,27866,LINHA NOITE,seasonal,LACK,2.0,264,CRITICAL,0.0,0.0,5
2019-12-20,30288,UNDERWARE,commodity,ZEE RUCCI,1.0,120,CRITICAL,0.0,0.0,5
2019-12-20,33367,LINHA NOITE,commodity,CORPO SENSUAL,4.0,108,CRITICAL,0.0,0.0,0
2019-12-20,33624,LINHA NOITE,commodity,MENSAGEIRO DOS SONHOS,3.0,108,CRITICAL,0.0,0.0,5
2019-12-20,35169,MODA PRAIA,seasonal,CLASS,1.0,264,CRITICAL,0.0,0.0,0
2019-12-21,954,UNDERWARE,commodity,VI LINGERIE,5.0,108,CRITICAL,4.22,455.76,5
2019-12-21,1562,UNDERWARE,commodity,DIVA DONNA,5.5,216,CRITICAL,3.45,745.2,5
2019-12-21,1588,UNDERWARE,commodity,DIVA DONNA,2.0,108,CRITICAL,3.45,372.6,5
2019-12-21,2463,UNDERWARE,commodity,CLASS,1.0,120,CRITICAL,0.0,0.0,0
2019-12-21,6432,MODA PRAIA,seasonal,RIVANNA,5.0,252,CRITICAL,25.83,6509.16,0
2019-12-21,9764,UNDERWARE,commodity,FEMINIS,1.0,120,CRITICAL,16.92,2030.4,0
2019-12-21,12536,MODA PRAIA,seasonal,TOP CAT,1.0,264,CRITICAL,20.5,5412.0,0
2019-12-21,12764,MODA PRAIA,commodity,CLASS,1.0,120,CRITICAL,0.0,0.0,0
2019-12-21,12942,UNDERWARE,commodity,DIVA DONNA,1.0,120,CRITICAL,6.37,764.4,0
2019-12-21,14489,UNDERWARE,commodity,VI LINGERIE,2.0,108,CRITICAL,0.0,0.0,0
2019-12-21,15052,UNDERWARE,commodity,FEMINIS,2.0,108,CRITICAL,0.0,0.0,0
2019-12-21,18452,UNDERWARE,commodity,ANNI,2.0,108,CRITICAL,0.0,0.0,5
2019-12-21,21103,FITNESS,commodity,FOREVER FITNESS,2.0,108,CRITICAL,0.0,0.0,0
2019-12-21,21971,FITNESS,commodity,FOREVER FITNESS,1.0,120,CRITICAL,0.0,0.0,0
2019-12-21,28395,UNDERWARE,commodity,MASH,1.0,120,CRITICAL,7.88,945.6,5
2019-12-21,31064,UNDERWARE,commodity,VI LINGERIE,1.0,120,CRITICAL,0.0,0.0,5
2019-12-21,31584,MODA PRAIA,commodity,CLASS,4.0,108,CRITICAL,0.0,0.0,0
2019-12-21,34029,UNDERWARE,commodity,DIVA DONNA,1.0,120,CRITICAL,0.0,0.0,0
2019-12-21,34270,UNDERWARE,commodity,DIRA,6.0,108,CRITICAL,0.0,0.0,0
2019-12-21,34298,UNDERWARE,commodity,ZEE RUCCI,1.0,120,CRITICAL,0.0,0.0,5
2019-12-22,403,UNDERWARE,commodity,DIVA DONNA,1.0,120,CRITICAL,4.32,518.4,5
2019-12-22,5414,MODA PRAIA,commodity,RIVANNA,2.0,108,CRITICAL,20.93,2260.44,5
2019-12-22,6111,UNDERWARE,commodity,DIVA DONNA,5.0,108,CRITICAL,3.02,326.16,5
2019-12-22,6829,EROTICA,commodity,SEX SHOP,5.0,108,CRITICAL,0.33,35.64,0
2019-12-22,8760,UNDERWARE,commodity,DIVA DONNA,2.0,108,CRITICAL,6.37,687.96,5
2019-12-22,8766,UNDERWARE,commodity,DIVA DONNA,1.0,120,CRITICAL,6.37,764.4,5
2019-12-22,8807,UNDERWARE,commodity,DIVA DONNA,4.0,108,CRITICAL,4.0,432.0,5
2019-12-22,9727,UNDERWARE,commodity,CLASS,6.0,108,CRITICAL,0.0,0.0,0
2019-12-22,11292,MODA PRAIA,commodity,CLASS,2.0,108,CRITICAL,0.0,0.0,0
2019-12-22,14916,UNDERWARE,commodity,FEMINIS,2.0,108,CRITICAL,0.0,0.0,5
2019-12-22,14942,UNDERWARE,commodity,FEMINIS,5.0,108,CRITICAL,0.0,0.0,0
2019-12-22,15064,UNDERWARE,commodity,FEMINIS,1.0,120,CRITICAL,0.0,0.0,0
2019-12-22,16060,MODA PRAIA,commodity,CLASS,3.0,108,CRITICAL,0.0,0.0,5
2019-12-22,19897,LINHA NOITE,seasonal,TOQUE INTIMO,1.0,264,CRITICAL,0.0,0.0,0
2019-12-22,21852,MODA PRAIA,commodity,RAFAMARY,1.0,120,CRITICAL,0.0,0.0,5
2019-12-22,26368,MODA PRAIA,commodity,CLASS,1.0,120,CRITICAL,0.0,0.0,0
2019-12-22,28880,UNDERWARE,commodity,ZEE RUCCI,1.0,120,CRITICAL,5.65,678.0,0
2019-12-22,31914,LINHA NOITE,seasonal,TOQUE INTIMO,2.0,264,CRITICAL,0.0,0.0,5
2019-12-22,31921,LINHA NOITE,seasonal,TOQUE INTIMO,2.0,264,CRITICAL,0.0,0.0,5
2019-12-22,33357,LINHA NOITE,commodity,CORPO SENSUAL,2.0,108,CRITICAL,0.0,0.0,0
2019-12-22,33651,LINHA NOITE,commodity,MENSAGEIRO DOS SONHOS,1.0,120,CRITICAL,0.0,0.0,5
2019-12-22,34050,UNDERWARE,commodity,LIZ,1.0,120,CRITICAL,0.0,0.0,5
2019-12-23,2477,UNDERWARE,commodity,DIVA DONNA,1.0,120,CRITICAL,4.55,546.0,5
2019-12-23,6307,UNDERWARE,commodity,DIVA DONNA,2.0,108,CRITICAL,3.02,326.16,5
2019-12-23,8946,UNDERWARE,commodity,CLASS,1.0,120,CRITICAL,13.14,1576.8,0
2019-12-23,11603,MODA PRAIA,seasonal,RIVANNA,3.0,252,CRITICAL,0.0,0.0,0
2019-12-23,13161,UNDERWARE,commodity,TRIFIL,3.0,108,CRITICAL,10.07,1087.56,5
2019-12-23,15289,UNDERWARE,commodity,ZEE RUCCI,1.0,120,CRITICAL,0.0,0.0,0
2019-12-23,16154,MODA PRAIA,commodity,RIVANNA,3.0,108,CRITICAL,0.0,0.0,0
2019-12-23,20271,UNDERWARE,commodity,TOP CAT,4.0,108,CRITICAL,0.0,0.0,0
2019-12-23,21316,MODA PRAIA,commodity,CLASS,6.0,108,CRITICAL,0.0,0.0,0
2019-12-23,21920,MODA PRAIA,commodity,LAMAR,2.0,108,CRITICAL,0.0,0.0,5
2019-12-23,22371,UNDERWARE,commodity,LIZ,2.0,108,CRITICAL,0.0,0.0,5
2019-12-23,22756,UNDERWARE,commodity,ZEE RUCCI,1.0,120,CRITICAL,0.0,0.0,2
2019-12-23,26911,UNDERWARE,commodity,CLASS,2.0,108,CRITICAL,0.0,0.0,0
2019-12-23,30576,UNDERWARE,commodity,VI LINGERIE,1.0,120,CRITICAL,0.0,0.0,0
2019-12-23,30893,UNDERWARE,commodity,DIVA DONNA,2.0,108,CRITICAL,3.02,326.16,5
2019-12-23,32010,UNDERWARE,commodity,DIRA,2.0,108,CRITICAL,0.0,0.0,5
2019-12-23,33491,MODA PRAIA,seasonal,RIVANNA,2.0,264,CRITICAL,0.0,0.0,0
2019-12-24,940,UNDERWARE,commodity,VI LINGERIE,2.0,108,CRITICAL,17.59,1899.72,0
2019-12-24,1066,UNDERWARE,commodity,VI LINGERIE,3.0,108,CRITICAL,26.28,2838.24,5
2019-12-24,2905,EROTICA,commodity,SEX SHOP,1.0,120,CRITICAL,9.9,1188.0,0
2019-12-24,7360,UNDERWARE,commodity,ZEE RUCCI,4.0,108,CRITICAL,4.32,466.56,5
2019-12-24,8756,UNDERWARE,commodity,DIVA DONNA,2.0,108,CRITICAL,6.37,687.96,5
2019-12-24,9053,UNDERWARE,commodity,TRIFIL,1.0,120,CRITICAL,39.96,4795.2,0
2019-12-24,14006,MODA PRAIA,seasonal,CLASS,2.0,264,CRITICAL,0.0,0.0,0
2019-12-24,14852,MODA PRAIA,commodity,CLASS,1.0,120,CRITICAL,13.16,1579.2,0
2019-12-24,15252,MODA PRAIA,commodity,CLASS,2.0,108,CRITICAL,20.6,2224.8,0
2019-12-24,16092,MODA PRAIA,commodity,CLASS,4.0,108,CRITICAL,0.0,0.0,0
2019-12-24,16584,UNDERWARE,commodity,ANNI,1.0,120,CRITICAL,0.0,0.0,0
2019-12-24,16596,LINHA NOITE,seasonal,VIBO,1.0,264,CRITICAL,0.0,0.0,0
2019-12-24,16979,UNDERWARE,commodity,EMOCIONE,2.0,108,CRITICAL,0.0,0.0,0
2019-12-24,17992,FITNESS,commodity,FOREVER FITNESS,2.0,108,CRITICAL,0.0,0.0,5
2019-12-24,18266,UNDERWARE,commodity,DESEJO DE USAR,3.0,108,CRITICAL,0.0,0.0,0
2019-12-24,19273,UNDERWARE,commodity,FEMINIS,6.0,108,CRITICAL,0.0,0.0,5
2019-12-24,22319,EROTICA,commodity,FLOR DE LOTUS,1.0,120,CRITICAL,0.0,0.0,0
2019-12-24,23220,LINHA NOITE,seasonal,MENSAGEIRO DOS SONHOS,5.0,252,CRITICAL,0.0,0.0,0
2019-12-24,26723,MODA PRAIA,commodity,CLASS,5.0,108,CRITICAL,0.0,0.0,0
2019-12-24,26783,MODA PRAIA,commodity,CLASS,1.0,120,CRITICAL,0.0,0.0,0
2019-12-24,27228,UNDERWARE,commodity,VI LINGERIE,1.0,120,CRITICAL,13.2,1584.0,0
2019-12-24,28334,MODA PRAIA,commodity,CLASS,6.0,108,CRITICAL,0.0,0.0,0
2019-12-24,28358,UNDERWARE,commodity,VI LINGERIE,2.0,108,CRITICAL,0.0,0.0,0
2019-12-24,29035,UNDERWARE,commodity,FINA ESTAMPA,1.0,120,CRITICAL,0.0,0.0,0
2019-12-24,31175,MODA PRAIA,commodity,LAMAR,2.0,108,CRITICAL,0.0,0.0,0
2019-12-24,32273,UNDERWARE,commodity,DESEJO DE USAR,2.0,108,CRITICAL,0.0,0.0,0
2019-12-24,32274,UNDERWARE,commodity,DESEJO DE USAR,1.0,120,CRITICAL,0.0,0.0,5
2019-12-24,33041,UNDERWARE,commodity,DEMILLUS,6.0,108,CRITICAL,0.0,0.0,0
2019-12-24,34533,LINHA NOITE,seasonal,REISUL,2.0,264,CRITICAL,0.0,0.0,0
2019-12-24,35050,MODA PRAIA,commodity,HERMES BALI,2.0,108,CRITICAL,0.0,0.0,5
2019-12-25,404,UNDERWARE,commodity,DIVA DONNA,2.0,108,CRITICAL,4.32,466.56,5
2019-12-25,1158,UNDERWARE,commodity,CLASS,5.0,108,CRITICAL,0.0,0.0,0
2019-12-25,5788,UNDERWARE,commodity,ZEE RUCCI,2.0,108,CRITICAL,12.24,1321.92,5
2019-12-25,6314,UNDERWARE,commodity,DIVA DONNA,1.0,120,CRITICAL,4.55,546.0,5
2019-12-25,6355,UNDERWARE,commodity,DIVA DONNA,2.0,108,CRITICAL,3.85,415.8,0
2019-12-25,7363,UNDERWARE,commodity,ZEE RUCCI,4.0,108,CRITICAL,4.32,466.56,5
2019-12-25,8753,UNDERWARE,commodity,DIVA DONNA,1.0,120,CRITICAL,4.55,546.0,5
2019-12-25,9728,UNDERWARE,commodity,CLASS,4.0,108,CRITICAL,0.0,0.0,0
2019-12-25,11519,UNDERWARE,commodity,CLASS,1.0,120,CRITICAL,13.14,1576.8,0
2019-12-25,12346,MODA PRAIA,commodity,RIVANNA,1.0,120,CRITICAL,20.93,2511.6,0
2019-12-25,12958,UNDERWARE,commodity,MASH,6.0,108,CRITICAL,13.04,1408.32,5
2019-12-25,14941,UNDERWARE,commodity,FEMINIS,3.0,108,CRITICAL,0.0,0.0,0
2019-12-25,16093,MODA PRAIA,commodity,CLASS,2.0,108,CRITICAL,0.0,0.0,0
2019-12-25,16141,MODA PRAIA,commodity,RIVANNA,2.0,108,CRITICAL,0.0,0.0,0
2019-12-25,20558,UNDERWARE,commodity,SALDOS,4.0,108,CRITICAL,0.0,0.0,5
2019-12-25,21352,MODA PRAIA,commodity,CLASS,2.0,108,CRITICAL,0.0,0.0,0
2019-12-25,26311,UNDERWARE,commodity,VI LINGERIE,2.0,108,CRITICAL,17.6,1900.8,0
2019-12-25,27227,UNDERWARE,commodity,VI LINGERIE,4.0,108,CRITICAL,17.6,1900.8,0
2019-12-25,28713,UNDERWARE,commodity,CLASS,7.0,108,CRITICAL,5.48,591.84,5
2019-12-25,30900,UNDERWARE,commodity,DIVA DONNA,1.0,120,CRITICAL,3.02,362.4,5
2019-12-25,33644,LINHA NOITE,commodity,MENSAGEIRO DOS SONHOS,1.0,120,CRITICAL,0.0,0.0,5
2019-12-25,34301,UNDERWARE,commodity,DEMILLUS,1.0,120,CRITICAL,0.0,0.0,5
2019-12-25,34553,UNDERWARE,commodity,LOVE SECRET,1.0,120,CRITICAL,0.0,0.0,0
2019-12-26,229,EROTICA,commodity,EROSS AFRODITE,3.0,108,CRITICAL,6.79,733.32,5
2019-12-26,408,UNDERWARE,commodity,DIVA DONNA,7.0,108,CRITICAL,4.32,466.56,5
2019-12-26,1151,UNDERWARE,commodity,CLASS,4.0,108,CRITICAL,0.0,0.0,5
2019-12-26,4218,UNDERWARE,commodity,ZEE RUCCI,4.0,108,CRITICAL,24.49,2644.92,5
2019-12-26,4590,MODA PRAIA,commodity,CLASS,1.0,120,CRITICAL,11.65,1398.0,0
2019-12-26,12567,UNDERWARE,commodity,DIVA DONNA,2.0,108,CRITICAL,6.37,687.96,5
2019-12-26,12727,MODA PRAIA,commodity,CLASS,1.0,120,CRITICAL,0.0,0.0,0
2019-12-26,19353,LINHA NOITE,seasonal,SONHO DE PIJAMA,3.0,252,CRITICAL,0.0,0.0,5
2019-12-26,20282,UNDERWARE,commodity,TOP CAT,1.0,120,CRITICAL,0.0,0.0,0
2019-12-26,21087,FITNESS,commodity,FOREVER FITNESS,1.0,120,CRITICAL,0.0,0.0,0
2019-12-26,22231,LINHA NOITE,seasonal,SONHO DE PIJAMA,1.0,264,CRITICAL,0.0,0.0,5
2019-12-26,24329,UNDERWARE,commodity,DIVA DONNA,3.0,108,CRITICAL,3.02,326.16,5
2019-12-26,26388,MODA PRAIA,commodity,CLASS,1.0,120,CRITICAL,20.6,2472.0,0
2019-12-26,28953,UNDERWARE,commodity,SALDOS,1.0,120,CRITICAL,0.0,0.0,0
2019-12-26,31138,MODA PRAIA,commodity,LAMAR,2.0,108,CRITICAL,0.0,0.0,0
2019-12-26,31151,MODA PRAIA,commodity,LAMAR,1.0,120,CRITICAL,0.0,0.0,0
2019-12-26,31168,MODA PRAIA,commodity,LAMAR,5.0,108,CRITICAL,0.0,0.0,0
2019-12-26,32314,UNDERWARE,commodity,LKF LINGERIE,1.0,120,CRITICAL,0.0,0.0,0
2019-12-26,33628,LINHA NOITE,commodity,MENSAGEIRO DOS SONHOS,2.0,108,CRITICAL,0.0,0.0,5
2019-12-26,34036,UNDERWARE,commodity,DIVA DONNA,1.0,120,CRITICAL,0.0,0.0,5
2019-12-26,34555,UNDERWARE,commodity,LOVE SECRET,1.0,120,CRITICAL,0.0,0.0,5
2019-12-27,1050,UNDERWARE,commodity,VI LINGERIE,1.0,120,CRITICAL,22.59,2710.8,5
2019-12-27,2510,UNDERWARE,commodity,DIVA DONNA,1.0,120,CRITICAL,3.02,362.4,0
2019-12-27,4184,EROTICA,commodity,EROSS AFRODITE,2.0,108,CRITICAL,3.93,424.44,0
2019-12-27,8757,UNDERWARE,commodity,DIVA DONNA,6.0,108,CRITICAL,6.37,687.96,5
2019-12-27,10110,UNDERWARE,commodity,DEMILLUS,1.0,120,CRITICAL,0.0,0.0,0
2019-12-27,11325,UNDERWARE,commodity,CLASS,5.0,108,CRITICAL,13.14,1419.12,5
2019-12-27,12708,MODA PRAIA,seasonal,CLASS,2.0,264,CRITICAL,0.0,0.0,5
2019-12-27,13067,MODA PRAIA,commodity,CLASS,2.0,108,CRITICAL,0.0,0.0,0
2019-12-27,14109,UNDERWARE,commodity,ZEE RUCCI,6.0,108,CRITICAL,10.47,1130.76,5
2019-12-27,14490,UNDERWARE,commodity,VI LINGERIE,6.0,108,CRITICAL,0.0,0.0,0
2019-12-27,16157,MODA PRAIA,commodity,RIVANNA,5.0,108,CRITICAL,0.0,0.0,0
2019-12-27,19274,UNDERWARE,commodity,FEMINIS,4.0,108,CRITICAL,0.0,0.0,5
2019-12-27,22223,LINHA NOITE,seasonal,SONHO DE PIJAMA,1.0,264,CRITICAL,0.0,0.0,5
2019-12-27,22939,LINHA NOITE,commodity,LU MODAS,2.0,108,CRITICAL,0.0,0.0,0
2019-12-27,26380,MODA PRAIA,commodity,CLASS,2.0,108,CRITICAL,0.0,0.0,0
2019-12-27,31905,LINHA NOITE,seasonal,SENSARE,3.0,252,CRITICAL,0.0,0.0,5
2019-12-27,32086,UNDERWARE,commodity,DIRA,5.0,108,CRITICAL,0.0,0.0,5
2019-12-27,32280,UNDERWARE,commodity,DESEJO DE USAR,1.0,120,CRITICAL,0.0,0.0,0
2019-12-27,33362,LINHA NOITE,commodity,CORPO SENSUAL,4.0,108,CRITICAL,0.0,0.0,0
2019-12-28,2088,UNDERWARE,commodity,MASH,5.0,108,CRITICAL,7.88,851.04,5
2019-12-28,16028,MODA PRAIA,seasonal,CLASS,2.0,264,CRITICAL,0.0,0.0,0
2019-12-28,16091,MODA PRAIA,commodity,CLASS,2.0,108,CRITICAL,0.0,0.0,0
2019-12-28,16143,MODA PRAIA,commodity,RIVANNA,4.0,108,CRITICAL,20.93,2260.44,0
2019-12-28,21109,UNDERWARE,commodity,ZEE RUCCI,2.0,108,CRITICAL,0.0,0.0,0
2019-12-28,26762,MODA PRAIA,seasonal,CLASS,3.0,252,CRITICAL,0.0,0.0,0
2019-12-28,28781,MODA PRAIA,seasonal,RIVANNA,5.0,252,CRITICAL,25.83,6509.16,0
2019-12-28,30570,UNDERWARE,commodity,VI LINGERIE,2.0,108,CRITICAL,0.0,0.0,0
2019-12-28,32814,UNDERWARE,commodity,DESEJO DE USAR,2.0,108,CRITICAL,0.0,0.0,0
2019-12-28,33325,LINHA NOITE,seasonal,SENSARE,1.0,264,CRITICAL,0.0,0.0,5
2019-12-28,33638,LINHA NOITE,commodity,MENSAGEIRO DOS SONHOS,1.0,120,CRITICAL,0.0,0.0,0
2019-12-28,34068,UNDERWARE,commodity,CLASS,1.0,120,CRITICAL,0.0,0.0,5
2019-12-28,34511,LINHA NOITE,seasonal,SENSARE,2.0,264,CRITICAL,0.0,0.0,5
2019-12-28,34529,LINHA NOITE,seasonal,REISUL,5.0,252,CRITICAL,0.0,0.0,0
2019-12-29,4340,MODA PRAIA,seasonal,CLASS,2.0,264,CRITICAL,0.0,0.0,5
2019-12-29,8979,UNDERWARE,commodity,VI LINGERIE,4.0,108,CRITICAL,20.6,2224.8,0
2019-12-29,12329,MODA PRAIA,seasonal,RIVANNA,2.0,264,CRITICAL,23.73,6264.72,5
2019-12-29,15057,UNDERWARE,commodity,FEMINIS,5.0,108,CRITICAL,0.0,0.0,0
2019-12-29,16206,MODA PRAIA,commodity,RIVANNA,1.0,120,CRITICAL,0.0,0.0,0
2019-12-29,20302,UNDERWARE,commodity,BELEZA ORIGINAL,1.0,120,CRITICAL,0.0,0.0,5
2019-12-29,24016,LINHA NOITE,seasonal,CENSATO,1.0,264,CRITICAL,0.0,0.0,0
2019-12-29,24457,LINHA NOITE,seasonal,SENSARE,1.0,264,CRITICAL,0.0,0.0,5
2019-12-29,26742,MODA PRAIA,commodity,CLASS,3.0,108,CRITICAL,0.0,0.0,0
2019-12-29,27916,UNDERWARE,commodity,ISABELLE LINGERIE,1.0,120,CRITICAL,0.0,0.0,0
2019-12-29,28933,UNDERWARE,commodity,CLASS,5.0,108,CRITICAL,0.0,0.0,5
2019-12-29,32339,UNDERWARE,commodity,TRIFIL,1.0,120,CRITICAL,0.0,0.0,0
2019-12-29,32777,EROTICA,commodity,DESEJO DE USAR,1.0,120,CRITICAL,0.0,0.0,0
2019-12-29,33326,LINHA NOITE,seasonal,SENSARE,1.0,264,CRITICAL,0.0,0.0,4
2019-12-29,34544,LINHA NOITE,seasonal,REISUL,4.0,252,CRITICAL,0.0,0.0,5
2019-12-30,5,UNDERWARE,commodity,TRIFIL,3.0,108,CRITICAL,5.93,640.44,5
2019-12-30,885,UNDERWARE,commodity,MASH,2.0,108,CRITICAL,11.86,1280.88,4
2019-12-30,5786,UNDERWARE,commodity,ZEE RUCCI,1.0,120,CRITICAL,6.7,804.0,5
2019-12-30,6306,UNDERWARE,commodity,DIVA DONNA,6.0,108,CRITICAL,3.02,326.16,5
2019-12-30,6675,UNDERWARE,commodity,CLASS,7.0,108,CRITICAL,0.0,0.0,5
2019-12-30,8742,UNDERWARE,commodity,DIVA DONNA,2.0,108,CRITICAL,4.55,491.4,5
2019-12-30,15053,UNDERWARE,commodity,FEMINIS,1.0,120,CRITICAL,0.0,0.0,0
2019-12-30,15268,MODA PRAIA,seasonal,CLASS,2.0,264,CRITICAL,0.0,0.0,0
2019-12-30,16107,MODA PRAIA,commodity,CLASS,2.0,108,CRITICAL,0.0,0.0,0
2019-12-30,20262,UNDERWARE,commodity,TOP CAT,1.0,120,CRITICAL,0.0,0.0,0
2019-12-30,21315,MODA PRAIA,commodity,CLASS,3.0,108,CRITICAL,0.0,0.0,5
2019-12-30,23093,UNDERWARE,commodity,VI LINGERIE,2.0,108,CRITICAL,0.0,0.0,5
2019-12-30,26732,MODA PRAIA,commodity,CLASS,1.0,120,CRITICAL,0.0,0.0,0
2019-12-30,26738,MODA PRAIA,commodity,CLASS,6.0,108,CRITICAL,0.0,0.0,5
2019-12-30,31047,UNDERWARE,commodity,VI LINGERIE,5.0,108,CRITICAL,0.0,0.0,5
2019-12-30,31063,UNDERWARE,commodity,VI LINGERIE,2.0,108,CRITICAL,0.0,0.0,5
2019-12-30,34541,LINHA NOITE,seasonal,REISUL,4.0,252,CRITICAL,0.0,0.0,5
2019-12-30,35122,LINHA NOITE,seasonal,TOQUE INTIMO,1.0,264,CRITICAL,0.0,0.0,5
