product_id,category,regime,stock_qty,days_without_sale,suggested_discount,last_sale_date
1,UNDERWARE,commodity,6,389,30%,2018-12-06
4,UNDERWARE,commodity,2,388,30%,2018-12-07
6,UNDERWARE,commodity,8,388,30%,2018-12-07
8,UNDERWARE,commodity,3,429,30%,2018-10-27
57,UNDERWARE,commodity,1,419,30%,2018-11-06
93,UNDERWARE,commodity,1,400,30%,2018-11-21
133,UNDERWARE,commodity,3,427,30%,2018-10-29
167,UNDERWARE,commodity,1,408,30%,2018-11-17
236,EROTICA,commodity,1,411,30%,2018-11-14
293,UNDERWARE,commodity,1,374,30%,2018-12-02
373,UNDERWARE,commodity,2,387,30%,2018-12-08
407,UNDERWARE,commodity,3,406,30%,2018-11-19
413,UNDERWARE,commodity,1,388,30%,2018-11-16
415,UNDERWARE,commodity,1,383,30%,2018-12-12
491,UNDERWARE,commodity,1,396,30%,2018-11-29
508,UNDERWARE,commodity,7,415,30%,2018-11-10
528,UNDERWARE,commodity,7,413,30%,2018-11-12
530,UNDERWARE,commodity,4,409,30%,2018-11-16
532,UNDERWARE,commodity,1,436,30%,2018-10-20
535,UNDERWARE,commodity,1,422,30%,2018-11-03
536,UNDERWARE,commodity,4,391,30%,2018-12-04
543,UNDERWARE,commodity,1,382,30%,2018-11-27
546,UNDERWARE,commodity,1,383,30%,2018-12-12
548,UNDERWARE,commodity,1,383,30%,2018-12-12
822,UNDERWARE,commodity,6,385,30%,2018-12-10
824,UNDERWARE,commodity,10,397,30%,2018-10-30
877,UNDERWARE,commodity,1,401,30%,2018-11-24
878,UNDERWARE,commodity,1,395,30%,2018-11-30
879,UNDERWARE,commodity,2,385,30%,2018-12-10
906,UNDERWARE,commodity,1,375,30%,2018-12-01
907,UNDERWARE,commodity,2,387,30%,2018-12-08
908,UNDERWARE,commodity,2,401,30%,2018-11-06
921,UNDERWARE,commodity,1,380,30%,2018-11-24
924,UNDERWARE,commodity,1,425,30%,2018-10-31
956,UNDERWARE,commodity,8,403,30%,2018-11-22
1045,UNDERWARE,commodity,1,405,30%,2018-11-06
1066,UNDERWARE,commodity,4,406,30%,2018-11-12
1070,UNDERWARE,commodity,1,389,30%,2018-12-06
1076,UNDERWARE,commodity,1,404,30%,2018-11-21
1152,UNDERWARE,commodity,6,372,30%,2018-12-08
1503,UNDERWARE,commodity,1,408,30%,2018-11-17
1523,UNDERWARE,commodity,1,408,30%,2018-11-17
1560,UNDERWARE,commodity,9,386,30%,2018-12-09
1566,UNDERWARE,commodity,2,422,30%,2018-11-03
1570,UNDERWARE,commodity,2,422,30%,2018-11-03
1572,UNDERWARE,commodity,3,425,30%,2018-10-31
1579,UNDERWARE,commodity,5,391,30%,2018-11-22
1582,UNDERWARE,commodity,5,372,30%,2018-12-12
1593,UNDERWARE,commodity,1,416,30%,2018-11-09
1595,UNDERWARE,commodity,1,395,30%,2018-11-30
1600,UNDERWARE,commodity,2,383,30%,2018-12-12
2068,UNDERWARE,commodity,1,433,30%,2018-10-23
2323,UNDERWARE,commodity,1,392,30%,2018-12-03
2335,UNDERWARE,commodity,1,391,30%,2018-12-04
2384,UNDERWARE,commodity,6,372,30%,2018-12-05
2385,UNDERWARE,commodity,7,406,30%,2018-11-19
2386,UNDERWARE,commodity,4,408,30%,2018-11-17
2387,UNDERWARE,commodity,3,387,30%,2018-11-09
2430,UNDERWARE,commodity,1,401,30%,2018-11-24
2434,UNDERWARE,commodity,3,385,30%,2018-12-10
2435,UNDERWARE,commodity,2,408,30%,2018-11-17
2440,UNDERWARE,commodity,2,387,30%,2018-12-08
2480,UNDERWARE,commodity,5,386,30%,2018-12-09
2714,UNDERWARE,commodity,1,372,30%,2018-12-07
2718,VESTUARIO,commodity,2,401,30%,2018-11-09
2721,UNDERWARE,commodity,2,434,30%,2018-10-22
2754,UNDERWARE,commodity,2,418,30%,2018-11-07
2756,UNDERWARE,commodity,1,409,30%,2018-11-16
2891,UNDERWARE,commodity,1,408,30%,2018-11-17
2892,UNDERWARE,commodity,1,401,30%,2018-11-24
2893,UNDERWARE,commodity,9,380,30%,2018-12-12
2941,UNDERWARE,commodity,2,399,30%,2018-11-26
2948,UNDERWARE,commodity,1,419,30%,2018-11-06
2995,UNDERWARE,commodity,1,394,30%,2018-12-01
2996,UNDERWARE,commodity,1,393,30%,2018-12-02
3023,UNDERWARE,commodity,1,419,30%,2018-11-06
3099,UNDERWARE,commodity,13,408,30%,2018-11-17
3100,UNDERWARE,commodity,6,359,30%,2018-12-12
3107,UNDERWARE,commodity,4,393,30%,2018-11-17
3211,UNDERWARE,commodity,10,387,30%,2018-12-08
3239,UNDERWARE,commodity,8,387,30%,2018-12-08
3246,UNDERWARE,commodity,1,388,30%,2018-12-07
3249,UNDERWARE,commodity,1,376,30%,2018-12-11
3251,UNDERWARE,commodity,1,392,30%,2018-12-03
3301,UNDERWARE,commodity,1,425,30%,2018-10-31
3437,UNDERWARE,commodity,1,396,30%,2018-11-29
3438,UNDERWARE,commodity,1,393,30%,2018-12-02
3439,UNDERWARE,commodity,1,399,30%,2018-11-26
3456,LINHA NOITE,commodity,3,416,30%,2018-11-09
3521,UNDERWARE,commodity,6,409,30%,2018-11-16
3523,UNDERWARE,commodity,2,406,30%,2018-11-19
3566,UNDERWARE,commodity,4,368,30%,2018-12-02
3750,UNDERWARE,commodity,5,365,30%,2018-12-10
3754,UNDERWARE,commodity,1,395,30%,2018-11-30
4219,UNDERWARE,commodity,3,432,30%,2018-10-24
4252,UNDERWARE,commodity,5,384,30%,2018-12-11
4271,UNDERWARE,commodity,1,383,30%,2018-12-12
4340,MODA PRAIA,seasonal,3,406,30%,2018-11-17
4353,MODA PRAIA,commodity,17,364,30%,2018-12-12
4354,MODA PRAIA,commodity,14,410,30%,2018-11-06
4359,MODA PRAIA,commodity,1,383,30%,2018-12-12
4360,MODA PRAIA,commodity,5,399,30%,2018-11-26
4501,UNDERWARE,commodity,1,397,30%,2018-11-28
4593,MODA PRAIA,commodity,1,394,30%,2018-12-01
4599,MODA PRAIA,commodity,2,416,30%,2018-11-09
4600,MODA PRAIA,commodity,3,384,30%,2018-12-11
4605,MODA PRAIA,commodity,3,413,30%,2018-11-12
4606,MODA PRAIA,commodity,4,408,30%,2018-11-17
4613,MODA PRAIA,commodity,1,412,30%,2018-11-13
5101,UNDERWARE,commodity,1,424,30%,2018-11-01
5134,UNDERWARE,commodity,1,389,30%,2018-12-06
5147,UNDERWARE,commodity,1,424,30%,2018-11-01
5412,MODA PRAIA,commodity,2,390,30%,2018-12-05
5414,MODA PRAIA,commodity,3,410,30%,2018-11-06
5416,MODA PRAIA,commodity,3,408,30%,2018-11-17
5417,MODA PRAIA,commodity,10,357,30%,2018-12-12
5775,UNDERWARE,commodity,1,395,30%,2018-11-30
5789,UNDERWARE,commodity,5,408,30%,2018-11-17
5868,UNDERWARE,commodity,1,389,30%,2018-12-06
5902,UNDERWARE,commodity,1,418,30%,2018-10-24
5996,UNDERWARE,commodity,1,402,30%,2018-11-23
6072,UNDERWARE,commodity,1,386,30%,2018-12-01
6108,UNDERWARE,commodity,1,416,30%,2018-11-09
6122,UNDERWARE,commodity,1,394,30%,2018-12-01
6130,UNDERWARE,commodity,1,396,30%,2018-11-17
6131,UNDERWARE,commodity,1,385,30%,2018-11-17
6313,UNDERWARE,commodity,1,422,30%,2018-11-03
6351,UNDERWARE,commodity,3,381,30%,2018-11-17
6484,UNDERWARE,commodity,2,414,30%,2018-10-23
6525,UNDERWARE,commodity,3,385,30%,2018-12-10
6601,UNDERWARE,commodity,1,422,30%,2018-11-03
6704,UNDERWARE,commodity,1,360,30%,2018-12-07
6717,UNDERWARE,commodity,1,429,30%,2018-10-24
6719,UNDERWARE,commodity,1,412,30%,2018-11-13
7326,UNDERWARE,commodity,2,403,30%,2018-11-22
7366,UNDERWARE,commodity,3,403,30%,2018-11-22
7470,UNDERWARE,commodity,1,401,30%,2018-11-24
7472,UNDERWARE,commodity,1,374,30%,2018-11-27
7637,MODA PRAIA,seasonal,7,385,30%,2018-12-10
7638,MODA PRAIA,seasonal,7,388,30%,2018-12-07
7644,MODA PRAIA,commodity,4,412,30%,2018-11-13
7645,MODA PRAIA,commodity,1,397,30%,2018-11-28
7885,UNDERWARE,commodity,7,372,30%,2018-12-07
8126,MODA PRAIA,commodity,33,373,30%,2018-12-06
8128,MODA PRAIA,commodity,7,384,30%,2018-11-17
8130,MODA PRAIA,commodity,6,411,30%,2018-11-14
8150,MODA PRAIA,commodity,3,408,30%,2018-11-17
8152,MODA PRAIA,commodity,6,387,30%,2018-12-08
8158,MODA PRAIA,commodity,4,426,30%,2018-10-30
8261,MODA PRAIA,seasonal,4,391,30%,2018-12-04
8262,MODA PRAIA,seasonal,4,389,30%,2018-12-06
8263,MODA PRAIA,seasonal,3,384,30%,2018-12-11
8284,UNDERWARE,commodity,3,388,30%,2018-12-07
8333,UNDERWARE,commodity,3,412,30%,2018-11-13
8575,ACESSORIOS,commodity,1,396,30%,2018-11-29
8711,ACESSORIOS,commodity,1,427,30%,2018-10-29
8746,UNDERWARE,commodity,2,397,30%,2018-11-03
8751,UNDERWARE,commodity,3,364,30%,2018-12-08
8755,UNDERWARE,commodity,1,372,30%,2018-11-26
8761,UNDERWARE,commodity,7,383,30%,2018-12-12
8769,UNDERWARE,commodity,2,422,30%,2018-11-03
8773,UNDERWARE,commodity,2,388,30%,2018-12-07
8783,UNDERWARE,commodity,1,388,30%,2018-12-07
8786,UNDERWARE,commodity,1,388,30%,2018-12-07
8809,UNDERWARE,commodity,2,388,30%,2018-12-07
8811,UNDERWARE,commodity,3,387,30%,2018-12-08
8814,UNDERWARE,commodity,3,403,30%,2018-11-22
8869,UNDERWARE,commodity,1,394,30%,2018-12-01
8878,UNDERWARE,commodity,3,418,30%,2018-11-07
8879,UNDERWARE,commodity,1,388,30%,2018-12-07
8906,UNDERWARE,commodity,2,394,30%,2018-12-01
8952,UNDERWARE,commodity,1,388,30%,2018-12-07
8968,UNDERWARE,commodity,1,432,30%,2018-10-24
9056,UNDERWARE,commodity,2,408,30%,2018-11-17
9730,UNDERWARE,commodity,7,387,30%,2018-12-08
9749,UNDERWARE,commodity,1,394,30%,2018-12-01
9881,MODA PRAIA,commodity,9,418,30%,2018-11-07
9882,MODA PRAIA,commodity,5,389,30%,2018-12-06
10088,UNDERWARE,commodity,2,422,30%,2018-11-03
10092,UNDERWARE,commodity,5,384,30%,2018-12-11
10094,UNDERWARE,commodity,2,389,30%,2018-12-06
10109,UNDERWARE,commodity,2,388,30%,2018-12-07
10130,UNDERWARE,commodity,4,399,30%,2018-11-26
10133,UNDERWARE,commodity,2,371,30%,2018-12-01
10177,EROTICA,commodity,1,422,30%,2018-11-03
10181,EROTICA,commodity,2,403,30%,2018-11-22
10185,EROTICA,commodity,3,419,30%,2018-11-06
10187,EROTICA,commodity,3,419,30%,2018-11-06
10191,EROTICA,commodity,4,417,30%,2018-11-08
10389,UNDERWARE,commodity,2,389,30%,2018-12-06
10431,UNDERWARE,commodity,1,395,30%,2018-11-30
10448,UNDERWARE,commodity,2,426,30%,2018-10-30
10449,UNDERWARE,commodity,4,408,30%,2018-11-17
10456,UNDERWARE,commodity,1,433,30%,2018-10-23
10458,UNDERWARE,commodity,1,436,30%,2018-10-20
10512,UNDERWARE,commodity,3,430,30%,2018-10-26
10609,UNDERWARE,commodity,1,395,30%,2018-11-30
10610,UNDERWARE,commodity,1,421,30%,2018-11-01
11072,UNDERWARE,commodity,1,399,30%,2018-11-26
11074,UNDERWARE,commodity,3,396,30%,2018-11-29
11075,UNDERWARE,commodity,1,393,30%,2018-11-06
11077,UNDERWARE,commodity,2,385,30%,2018-12-10
11265,MODA PRAIA,commodity,2,383,30%,2018-12-12
11267,MODA PRAIA,commodity,1,397,30%,2018-11-28
11270,MODA PRAIA,seasonal,1,395,30%,2018-11-30
11271,MODA PRAIA,seasonal,1,412,30%,2018-11-13
11272,MODA PRAIA,seasonal,4,417,30%,2018-11-08
11295,MODA PRAIA,seasonal,9,419,30%,2018-10-31
11296,MODA PRAIA,seasonal,53,386,30%,2018-11-22
11310,MODA PRAIA,seasonal,6,389,30%,2018-12-06
11312,UNDERWARE,commodity,1,409,30%,2018-11-16
11313,MODA PRAIA,seasonal,7,389,30%,2018-12-06
11336,UNDERWARE,commodity,2,394,30%,2018-12-01
11456,MODA PRAIA,commodity,1,411,30%,2018-11-14
11550,UNDERWARE,commodity,1,368,30%,2018-12-01
11637,MODA PRAIA,seasonal,2,388,30%,2018-12-07
11638,MODA PRAIA,seasonal,2,391,30%,2018-12-04
11642,MODA PRAIA,commodity,7,358,30%,2018-12-10
11644,MODA PRAIA,commodity,14,388,30%,2018-12-07
11645,MODA PRAIA,commodity,6,395,30%,2018-11-30
11646,MODA PRAIA,commodity,9,386,30%,2018-12-07
11778,UNDERWARE,commodity,1,409,30%,2018-11-16
11782,UNDERWARE,commodity,1,394,30%,2018-11-03
11799,UNDERWARE,commodity,1,384,30%,2018-12-11
11801,UNDERWARE,commodity,2,426,30%,2018-10-30
11803,UNDERWARE,commodity,2,436,30%,2018-10-20
11804,UNDERWARE,commodity,1,373,30%,2018-11-23
11855,MODA PRAIA,commodity,3,388,30%,2018-12-07
11856,MODA PRAIA,commodity,2,415,30%,2018-11-10
12152,UNDERWARE,commodity,1,422,30%,2018-11-03
12314,MODA PRAIA,commodity,1,420,30%,2018-11-05
12329,MODA PRAIA,seasonal,3,399,30%,2018-11-24
12339,UNDERWARE,commodity,1,409,30%,2018-11-16
12568,UNDERWARE,commodity,2,403,30%,2018-11-22
12707,MODA PRAIA,seasonal,1,388,30%,2018-12-07
12708,MODA PRAIA,seasonal,3,381,30%,2018-12-10
12734,MODA PRAIA,commodity,1,408,30%,2018-11-17
12735,MODA PRAIA,commodity,2,411,30%,2018-11-14
12746,MODA PRAIA,commodity,5,383,30%,2018-12-12
12747,MODA PRAIA,commodity,49,383,30%,2018-12-10
12748,MODA PRAIA,commodity,6,408,30%,2018-11-17
12749,MODA PRAIA,commodity,4,409,30%,2018-11-16
12756,MODA PRAIA,commodity,2,409,30%,2018-11-16
12760,MODA PRAIA,commodity,3,396,30%,2018-11-29
12761,MODA PRAIA,commodity,31,372,30%,2018-11-24
12765,MODA PRAIA,commodity,4,389,30%,2018-12-06
12766,MODA PRAIA,commodity,10,389,30%,2018-12-06
12769,MODA PRAIA,commodity,1,412,30%,2018-11-13
12770,MODA PRAIA,commodity,5,401,30%,2018-11-24
12771,MODA PRAIA,commodity,13,363,30%,2018-12-12
12774,MODA PRAIA,commodity,1,411,30%,2018-11-14
12775,MODA PRAIA,commodity,4,388,30%,2018-12-07
12776,MODA PRAIA,commodity,15,405,30%,2018-11-14
12779,MODA PRAIA,commodity,1,417,30%,2018-11-08
12786,MODA PRAIA,commodity,12,401,30%,2018-11-24
12789,MODA PRAIA,commodity,3,375,30%,2018-12-05
12792,MODA PRAIA,commodity,3,360,30%,2018-12-11
12950,UNDERWARE,commodity,1,394,30%,2018-12-01
13070,MODA PRAIA,seasonal,1,369,30%,2018-12-04
13072,MODA PRAIA,seasonal,2,405,30%,2018-11-20
13136,UNDERWARE,commodity,7,385,30%,2018-11-29
13142,UNDERWARE,commodity,4,413,30%,2018-11-12
13148,UNDERWARE,commodity,7,411,30%,2018-11-14
13157,UNDERWARE,commodity,1,408,30%,2018-11-17
13158,UNDERWARE,commodity,2,398,30%,2018-11-27
13160,UNDERWARE,commodity,11,397,30%,2018-11-28
13162,UNDERWARE,commodity,1,433,30%,2018-10-23
13221,MODA PRAIA,seasonal,3,409,30%,2018-11-16
13274,MODA PRAIA,seasonal,3,358,30%,2018-12-08
13877,MODA PRAIA,seasonal,1,405,30%,2018-11-03
13897,MODA PRAIA,seasonal,1,412,30%,2018-11-13
13898,MODA PRAIA,seasonal,1,395,30%,2018-11-30
13952,MODA PRAIA,commodity,2,415,30%,2018-11-10
13953,MODA PRAIA,commodity,1,402,30%,2018-11-23
13960,UNDERWARE,commodity,1,394,30%,2018-12-01
13964,UNDERWARE,commodity,1,408,30%,2018-11-17
13966,UNDERWARE,commodity,1,399,30%,2018-11-06
13972,MODA PRAIA,seasonal,2,426,30%,2018-10-30
13973,MODA PRAIA,seasonal,2,370,30%,2018-12-06
13974,MODA PRAIA,seasonal,1,388,30%,2018-12-07
13975,MODA PRAIA,seasonal,2,387,30%,2018-12-08
13976,MODA PRAIA,commodity,1,391,30%,2018-11-12
13977,MODA PRAIA,commodity,1,389,30%,2018-12-06
13985,MODA PRAIA,commodity,5,401,30%,2018-11-24
13986,MODA PRAIA,commodity,6,373,30%,2018-12-09
13987,MODA PRAIA,commodity,7,388,30%,2018-12-07
13988,MODA PRAIA,commodity,4,383,30%,2018-12-12
14165,EROTICA,commodity,1,387,30%,2018-12-08
14342,UNDERWARE,commodity,3,399,30%,2018-11-26
14346,UNDERWARE,commodity,1,391,30%,2018-12-04
14453,UNDERWARE,commodity,1,404,30%,2018-11-21
14454,UNDERWARE,commodity,1,406,30%,2018-11-14
14456,UNDERWARE,commodity,2,385,30%,2018-12-10
14457,UNDERWARE,commodity,1,413,30%,2018-11-10
14458,UNDERWARE,commodity,1,388,30%,2018-12-07
14461,UNDERWARE,commodity,1,408,30%,2018-11-17
14462,UNDERWARE,commodity,1,408,30%,2018-11-17
14468,UNDERWARE,commodity,13,422,30%,2018-11-03
14524,UNDERWARE,commodity,2,358,30%,2018-12-08
14525,UNDERWARE,commodity,1,394,30%,2018-12-01
14615,UNDERWARE,commodity,3,372,30%,2018-12-02
14616,UNDERWARE,commodity,15,426,30%,2018-10-30
14624,UNDERWARE,commodity,3,394,30%,2018-12-01
14644,UNDERWARE,commodity,3,409,30%,2018-10-20
14645,UNDERWARE,commodity,2,404,30%,2018-11-21
14651,UNDERWARE,commodity,3,383,30%,2018-12-12
14668,UNDERWARE,commodity,1,436,30%,2018-10-20
14799,LINHA NOITE,commodity,1,395,30%,2018-11-30
14807,LINHA NOITE,commodity,1,385,30%,2018-12-10
14816,UNDERWARE,commodity,2,388,30%,2018-12-07
14817,UNDERWARE,commodity,2,384,30%,2018-12-11
14819,UNDERWARE,commodity,1,403,30%,2018-11-22
14820,UNDERWARE,commodity,3,388,30%,2018-12-07
14822,UNDERWARE,commodity,2,388,30%,2018-12-07
14824,UNDERWARE,commodity,1,394,30%,2018-12-01
14830,UNDERWARE,commodity,1,384,30%,2018-12-11
14833,UNDERWARE,commodity,1,384,30%,2018-12-11
14839,UNDERWARE,commodity,1,403,30%,2018-11-22
14840,UNDERWARE,commodity,1,387,30%,2018-12-08
14841,MODA PRAIA,commodity,2,409,30%,2018-11-16
14842,MODA PRAIA,commodity,1,387,30%,2018-12-08
14850,MODA PRAIA,commodity,8,361,30%,2018-12-11
14894,VESTUARIO,fashion,1,415,30%,2018-11-10
15189,MODA PRAIA,seasonal,2,385,30%,2018-12-10
15191,MODA PRAIA,commodity,1,387,30%,2018-12-08
15194,MODA PRAIA,commodity,10,409,30%,2018-11-16
15195,MODA PRAIA,commodity,1,383,30%,2018-12-12
15198,MODA PRAIA,commodity,2,389,30%,2018-12-06
15210,VESTUARIO,fashion,1,385,30%,2018-12-10
15232,VESTUARIO,fashion,2,388,30%,2018-12-07
15456,UNDERWARE,commodity,1,394,30%,2018-12-01
15457,UNDERWARE,commodity,1,400,30%,2018-11-21
15475,VESTUARIO,fashion,1,425,30%,2018-10-31
15494,VESTUARIO,fashion,1,430,30%,2018-10-26
15495,VESTUARIO,fashion,1,418,30%,2018-11-07
15498,VESTUARIO,fashion,1,424,30%,2018-11-01
15506,VESTUARIO,fashion,1,424,30%,2018-11-01
15779,VESTUARIO,fashion,1,415,30%,2018-11-10
15966,UNDERWARE,commodity,1,386,30%,2018-11-27
15973,UNDERWARE,commodity,1,431,30%,2018-10-25
15974,UNDERWARE,commodity,3,357,30%,2018-12-12
15978,UNDERWARE,commodity,1,417,30%,2018-11-08
16023,MODA PRAIA,commodity,6,388,30%,2018-12-07
16024,MODA PRAIA,commodity,5,389,30%,2018-12-06
16030,MODA PRAIA,seasonal,4,388,30%,2018-12-07
16031,MODA PRAIA,seasonal,1,394,30%,2018-12-01
16032,MODA PRAIA,seasonal,2,383,30%,2018-12-12
16042,MODA PRAIA,seasonal,1,401,30%,2018-11-24
16043,MODA PRAIA,seasonal,1,394,30%,2018-12-01
16108,MODA PRAIA,commodity,1,416,30%,2018-11-09
16111,MODA PRAIA,commodity,1,427,30%,2018-10-22
16228,VESTUARIO,fashion,1,411,30%,2018-10-26
16237,VESTUARIO,fashion,1,418,30%,2018-11-07
16240,VESTUARIO,fashion,1,430,30%,2018-10-26
16246,LINHA NOITE,commodity,1,411,30%,2018-11-14
16289,UNDERWARE,commodity,1,417,30%,2018-11-08
16295,UNDERWARE,commodity,1,384,30%,2018-12-11
16301,UNDERWARE,commodity,1,408,30%,2018-11-17
16302,UNDERWARE,commodity,1,418,30%,2018-11-07
16307,UNDERWARE,commodity,1,398,30%,2018-11-08
16308,UNDERWARE,commodity,1,398,30%,2018-11-27
16315,UNDERWARE,commodity,1,394,30%,2018-12-01
16436,UNDERWARE,commodity,1,425,30%,2018-10-31
16437,UNDERWARE,commodity,1,388,30%,2018-12-07
16440,UNDERWARE,commodity,1,415,30%,2018-11-10
16546,VESTUARIO,fashion,1,375,30%,2018-12-05
16550,VESTUARIO,fashion,1,398,30%,2018-11-27
16553,VESTUARIO,fashion,1,411,30%,2018-11-14
16574,UNDERWARE,commodity,1,387,30%,2018-12-08
16575,UNDERWARE,commodity,1,396,30%,2018-11-29
16576,UNDERWARE,commodity,2,401,30%,2018-11-24
16592,UNDERWARE,commodity,1,371,30%,2018-12-01
16593,UNDERWARE,commodity,2,403,30%,2018-11-22
16625,VESTUARIO,fashion,1,383,30%,2018-12-12
16626,VESTUARIO,fashion,1,384,30%,2018-12-11
16631,MODA PRAIA,seasonal,2,354,30%,2018-12-12
16633,MODA PRAIA,seasonal,1,384,30%,2018-12-06
16634,MODA PRAIA,seasonal,1,386,30%,2018-12-09
16635,MODA PRAIA,seasonal,1,409,30%,2018-11-16
16636,MODA PRAIA,seasonal,2,385,30%,2018-12-10
16637,MODA PRAIA,seasonal,2,384,30%,2018-12-11
16641,UNDERWARE,commodity,1,389,30%,2018-12-06
16802,UNDERWARE,commodity,1,389,30%,2018-12-06
16804,UNDERWARE,commodity,1,390,30%,2018-12-05
16813,UNDERWARE,commodity,1,389,30%,2018-12-06
16838,VESTUARIO,fashion,1,391,30%,2018-12-04
16877,VESTUARIO,fashion,1,377,30%,2018-11-23
16896,VESTUARIO,fashion,1,379,30%,2018-12-01
16904,VESTUARIO,fashion,1,385,30%,2018-12-10
16919,VESTUARIO,fashion,1,385,30%,2018-12-10
16938,VESTUARIO,fashion,1,385,30%,2018-12-10
16987,MODA PRAIA,commodity,2,362,30%,2018-12-12
16989,MODA PRAIA,commodity,1,385,30%,2018-12-10
16995,MODA PRAIA,commodity,3,391,30%,2018-12-04
17001,MODA PRAIA,commodity,1,401,30%,2018-11-24
17003,MODA PRAIA,commodity,1,409,30%,2018-11-16
17007,MODA PRAIA,commodity,3,419,30%,2018-11-06
17009,MODA PRAIA,commodity,1,384,30%,2018-12-11
17010,MODA PRAIA,commodity,1,417,30%,2018-11-08
17011,MODA PRAIA,commodity,1,359,30%,2018-12-12
17018,MODA PRAIA,commodity,2,398,30%,2018-11-27
17019,MODA PRAIA,commodity,3,389,30%,2018-12-06
17020,MODA PRAIA,commodity,6,387,30%,2018-12-08
17022,MODA PRAIA,commodity,2,396,30%,2018-11-29
17024,MODA PRAIA,commodity,6,417,30%,2018-11-08
17025,MODA PRAIA,commodity,1,436,30%,2018-10-20
17026,MODA PRAIA,commodity,24,393,30%,2018-11-08
17027,MODA PRAIA,commodity,4,418,30%,2018-11-07
17031,UNDERWARE,commodity,1,391,30%,2018-12-04
17032,MODA PRAIA,commodity,1,422,30%,2018-11-03
17034,MODA PRAIA,commodity,1,382,30%,2018-11-22
17035,MODA PRAIA,commodity,1,432,30%,2018-10-24
17037,MODA PRAIA,commodity,1,390,30%,2018-12-05
17155,UNDERWARE,commodity,1,387,30%,2018-12-08
17156,UNDERWARE,commodity,1,424,30%,2018-11-01
17157,UNDERWARE,commodity,1,385,30%,2018-12-10
17160,UNDERWARE,commodity,1,409,30%,2018-10-27
17161,UNDERWARE,commodity,1,418,30%,2018-11-07
17218,VESTUARIO,fashion,2,395,30%,2018-11-30
17276,VESTUARIO,fashion,1,411,30%,2018-11-09
17556,VESTUARIO,fashion,1,422,30%,2018-11-03
17561,VESTUARIO,fashion,2,413,30%,2018-10-31
17665,VESTUARIO,fashion,1,426,30%,2018-10-30
18044,LINHA NOITE,commodity,1,399,30%,2018-11-26
18046,MODA PRAIA,seasonal,4,417,30%,2018-11-08
18047,MODA PRAIA,seasonal,5,389,30%,2018-12-06
18048,MODA PRAIA,seasonal,1,389,30%,2018-11-16
18051,MODA PRAIA,seasonal,4,405,30%,2018-10-27
18056,MODA PRAIA,commodity,1,389,30%,2018-12-06
18057,MODA PRAIA,commodity,2,394,30%,2018-11-16
18058,MODA PRAIA,commodity,1,371,30%,2018-11-29
18059,MODA PRAIA,commodity,2,390,30%,2018-12-05
18063,MODA PRAIA,commodity,1,434,30%,2018-10-22
18064,MODA PRAIA,commodity,1,403,30%,2018-11-22
18069,UNDERWARE,commodity,1,436,30%,2018-10-20
18071,UNDERWARE,commodity,1,431,30%,2018-10-25
18072,UNDERWARE,commodity,1,417,30%,2018-10-27
18137,VESTUARIO,fashion,1,393,30%,2018-12-02
18155,MODA PRAIA,commodity,4,388,30%,2018-12-07
18161,MODA PRAIA,commodity,1,409,30%,2018-11-16
18166,MODA PRAIA,commodity,6,378,30%,2018-12-01
18167,MODA PRAIA,commodity,4,388,30%,2018-12-07
18355,MODA PRAIA,seasonal,1,408,30%,2018-11-17
18359,MODA PRAIA,seasonal,1,398,30%,2018-11-26
18364,MODA PRAIA,commodity,1,362,30%,2018-12-05
18369,MODA PRAIA,commodity,1,403,30%,2018-11-22
18373,MODA PRAIA,commodity,1,404,30%,2018-11-21
18413,VESTUARIO,fashion,1,393,30%,2018-12-02
18431,VESTUARIO,fashion,1,403,30%,2018-11-22
18433,VESTUARIO,fashion,1,383,30%,2018-12-12
18451,UNDERWARE,commodity,1,373,30%,2018-12-06
18452,UNDERWARE,commodity,3,389,30%,2018-11-26
18453,UNDERWARE,commodity,3,368,30%,2018-12-10
18474,UNDERWARE,commodity,1,363,30%,2018-12-04
18480,UNDERWARE,commodity,1,395,30%,2018-11-30
18481,UNDERWARE,commodity,1,375,30%,2018-12-07
18482,UNDERWARE,commodity,1,388,30%,2018-12-07
18483,UNDERWARE,commodity,2,370,30%,2018-12-08
18485,UNDERWARE,commodity,1,369,30%,2018-12-06
18682,MODA PRAIA,seasonal,1,417,30%,2018-11-08
18689,MODA PRAIA,seasonal,1,385,30%,2018-12-10
18692,MODA PRAIA,seasonal,1,418,30%,2018-11-07
18694,MODA PRAIA,seasonal,1,383,30%,2018-11-29
18763,VESTUARIO,fashion,1,404,30%,2018-11-21
18764,UNDERWARE,commodity,1,421,30%,2018-10-25
18766,UNDERWARE,commodity,1,426,30%,2018-10-30
18775,UNDERWARE,commodity,1,395,30%,2018-11-30
19031,MODA PRAIA,commodity,1,396,30%,2018-11-03
19032,MODA PRAIA,commodity,1,360,30%,2018-12-06
19033,MODA PRAIA,commodity,1,387,30%,2018-11-30
19034,MODA PRAIA,commodity,1,405,30%,2018-11-16
19038,MODA PRAIA,commodity,1,408,30%,2018-11-17
19041,MODA PRAIA,commodity,1,431,30%,2018-10-25
19043,MODA PRAIA,commodity,1,412,30%,2018-11-13
19108,UNDERWARE,commodity,1,383,30%,2018-12-12
19130,VESTUARIO,fashion,1,419,30%,2018-10-26
19134,VESTUARIO,fashion,1,411,30%,2018-11-14
19141,VESTUARIO,fashion,1,362,30%,2018-12-12
19145,VESTUARIO,fashion,1,416,30%,2018-11-09
19146,VESTUARIO,fashion,1,386,30%,2018-12-09
19166,VESTUARIO,fashion,1,375,30%,2018-12-06
19167,VESTUARIO,fashion,1,385,30%,2018-12-10
19168,VESTUARIO,fashion,1,389,30%,2018-12-06
19583,VESTUARIO,fashion,1,387,30%,2018-12-07
19632,VESTUARIO,fashion,1,419,30%,2018-11-03
19641,VESTUARIO,fashion,1,384,30%,2018-11-17
19812,LINHA NOITE,seasonal,1,373,30%,2018-11-30
19851,FITNESS,commodity,1,408,30%,2018-11-17
19860,MODA PRAIA,seasonal,1,408,30%,2018-11-17
19863,UNDERWARE,commodity,1,414,30%,2018-11-06
19888,MODA PRAIA,seasonal,1,385,30%,2018-12-10
19893,MODA PRAIA,seasonal,1,395,30%,2018-11-30
19938,MODA PRAIA,seasonal,1,383,30%,2018-12-12
19939,MODA PRAIA,seasonal,1,385,30%,2018-12-10
19955,LINHA NOITE,seasonal,1,388,30%,2018-12-07
19956,LINHA NOITE,seasonal,1,415,30%,2018-11-10
19966,LINHA NOITE,seasonal,1,393,30%,2018-11-14
19967,LINHA NOITE,seasonal,1,413,30%,2018-11-12
19970,LINHA NOITE,seasonal,1,411,30%,2018-11-14
20048,EROTICA,commodity,1,422,30%,2018-11-03
20105,MODA PRAIA,seasonal,2,385,30%,2018-12-10
20108,MODA PRAIA,seasonal,1,410,30%,2018-10-26
20109,MODA PRAIA,seasonal,25,430,30%,2018-10-26
20110,MODA PRAIA,seasonal,3,368,30%,2018-12-04
20111,MODA PRAIA,seasonal,3,419,30%,2018-11-06
20113,UNDERWARE,commodity,4,391,30%,2018-12-04
20116,UNDERWARE,commodity,3,422,30%,2018-11-03
20121,UNDERWARE,commodity,1,384,30%,2018-12-11
20123,MODA PRAIA,commodity,3,413,30%,2018-11-12
20124,MODA PRAIA,commodity,1,388,30%,2018-12-07
20131,MODA PRAIA,commodity,2,395,30%,2018-11-30
20133,MODA PRAIA,commodity,1,389,30%,2018-12-06
20138,MODA PRAIA,commodity,4,420,30%,2018-11-05
20139,MODA PRAIA,commodity,3,392,30%,2018-11-17
20149,MODA PRAIA,commodity,1,395,30%,2018-11-12
20153,MODA PRAIA,commodity,1,418,30%,2018-11-07
20157,MODA PRAIA,commodity,1,394,30%,2018-12-01
20167,MODA PRAIA,commodity,1,388,30%,2018-12-07
20168,MODA PRAIA,commodity,2,387,30%,2018-11-17
20169,MODA PRAIA,commodity,1,401,30%,2018-11-24
20173,MODA PRAIA,commodity,1,357,30%,2018-12-12
20174,MODA PRAIA,commodity,2,373,30%,2018-12-10
20175,MODA PRAIA,commodity,1,383,30%,2018-12-12
20176,MODA PRAIA,commodity,1,387,30%,2018-12-08
20177,MODA PRAIA,commodity,1,413,30%,2018-11-12
20178,MODA PRAIA,commodity,1,413,30%,2018-11-12
20187,MODA PRAIA,commodity,1,402,30%,2018-11-23
20189,MODA PRAIA,commodity,2,401,30%,2018-11-24
20239,UNDERWARE,commodity,5,364,30%,2018-12-06
20297,UNDERWARE,commodity,1,387,30%,2018-12-08
20298,UNDERWARE,commodity,1,387,30%,2018-12-08
20301,UNDERWARE,commodity,1,388,30%,2018-12-07
20302,UNDERWARE,commodity,2,385,30%,2018-12-08
20317,LINHA NOITE,commodity,1,384,30%,2018-12-11
20331,LINHA NOITE,commodity,1,362,30%,2018-12-07
20332,LINHA NOITE,commodity,1,399,30%,2018-11-26
20333,LINHA NOITE,commodity,1,404,30%,2018-11-21
20338,LINHA NOITE,commodity,1,388,30%,2018-12-07
20339,LINHA NOITE,commodity,1,424,30%,2018-11-01
20346,VESTUARIO,fashion,1,431,30%,2018-10-23
20348,VESTUARIO,fashion,1,408,30%,2018-10-22
20357,FITNESS,commodity,2,403,30%,2018-11-22
20362,VESTUARIO,fashion,1,413,30%,2018-11-12
20364,VESTUARIO,fashion,1,413,30%,2018-11-12
20365,VESTUARIO,fashion,1,419,30%,2018-11-06
20366,VESTUARIO,fashion,1,406,30%,2018-11-19
20372,VESTUARIO,fashion,1,391,30%,2018-11-08
20501,MODA PRAIA,commodity,1,431,30%,2018-10-20
20504,MODA PRAIA,commodity,1,359,30%,2018-12-08
20506,MODA PRAIA,commodity,1,394,30%,2018-12-01
20510,MODA PRAIA,commodity,1,394,30%,2018-12-01
20511,MODA PRAIA,commodity,2,374,30%,2018-12-07
20514,MODA PRAIA,commodity,3,394,30%,2018-12-01
20515,MODA PRAIA,commodity,2,388,30%,2018-12-07
20516,MODA PRAIA,seasonal,1,422,30%,2018-11-03
20519,MODA PRAIA,seasonal,1,416,30%,2018-11-09
20524,MODA PRAIA,seasonal,1,406,30%,2018-10-22
20525,MODA PRAIA,commodity,1,383,30%,2018-11-13
20526,MODA PRAIA,commodity,1,402,30%,2018-11-23
20529,MODA PRAIA,commodity,1,395,30%,2018-11-12
20544,UNDERWARE,commodity,2,398,30%,2018-11-27
20554,UNDERWARE,commodity,1,429,30%,2018-10-27
20557,UNDERWARE,commodity,1,394,30%,2018-11-29
20558,UNDERWARE,commodity,5,423,30%,2018-10-27
20576,UNDERWARE,commodity,1,359,30%,2018-12-09
20578,UNDERWARE,commodity,1,401,30%,2018-11-24
20581,UNDERWARE,commodity,1,417,30%,2018-11-08
20586,UNDERWARE,commodity,1,395,30%,2018-11-24
20593,UNDERWARE,commodity,1,389,30%,2018-12-06
20602,UNDERWARE,commodity,1,388,30%,2018-12-07
20605,UNDERWARE,commodity,1,389,30%,2018-12-06
20620,VESTUARIO,fashion,2,402,30%,2018-11-23
20627,VESTUARIO,fashion,1,397,30%,2018-11-28
20634,VESTUARIO,fashion,1,394,30%,2018-12-01
20643,VESTUARIO,fashion,1,396,30%,2018-11-29
20644,VESTUARIO,fashion,1,394,30%,2018-12-01
20661,VESTUARIO,fashion,1,403,30%,2018-11-22
20676,FITNESS,commodity,1,420,30%,2018-11-05
20684,VESTUARIO,fashion,2,419,30%,2018-11-06
20687,FITNESS,commodity,1,420,30%,2018-11-05
20697,VESTUARIO,fashion,1,388,30%,2018-12-07
20717,VESTUARIO,fashion,1,396,30%,2018-11-29
20920,UNDERWARE,commodity,1,387,30%,2018-12-08
20925,UNDERWARE,commodity,1,386,30%,2018-12-09
20928,UNDERWARE,commodity,1,363,30%,2018-12-12
20966,UNDERWARE,commodity,1,415,30%,2018-11-10
20967,UNDERWARE,commodity,1,427,30%,2018-10-29
21012,MODA PRAIA,commodity,1,401,30%,2018-11-24
21013,MODA PRAIA,commodity,3,413,30%,2018-11-12
21015,VESTUARIO,fashion,1,398,30%,2018-11-27
21054,LINHA NOITE,commodity,1,395,30%,2018-11-30
21060,LINHA NOITE,seasonal,2,397,30%,2018-11-10
21062,LINHA NOITE,seasonal,2,389,30%,2018-12-06
21065,LINHA NOITE,seasonal,2,398,30%,2018-11-27
21066,LINHA NOITE,seasonal,2,409,30%,2018-11-16
21069,LINHA NOITE,seasonal,1,389,30%,2018-12-06
21315,MODA PRAIA,commodity,4,390,30%,2018-12-04
21317,MODA PRAIA,commodity,1,384,30%,2018-12-07
21319,MODA PRAIA,commodity,1,394,30%,2018-12-01
21320,MODA PRAIA,commodity,7,426,30%,2018-10-30
21321,MODA PRAIA,commodity,1,359,30%,2018-12-08
21328,MODA PRAIA,commodity,1,411,30%,2018-10-30
21339,MODA PRAIA,commodity,1,371,30%,2018-12-12
21343,MODA PRAIA,commodity,1,385,30%,2018-12-10
21348,MODA PRAIA,commodity,3,413,30%,2018-11-12
21350,MODA PRAIA,commodity,1,424,30%,2018-11-01
21351,MODA PRAIA,commodity,1,391,30%,2018-12-04
21355,MODA PRAIA,commodity,1,398,30%,2018-11-27
21369,FITNESS,commodity,1,412,30%,2018-10-24
21371,FITNESS,commodity,1,432,30%,2018-10-24
21373,FITNESS,commodity,1,403,30%,2018-11-16
21377,VESTUARIO,fashion,1,395,30%,2018-11-30
21396,VESTUARIO,fashion,1,394,30%,2018-12-01
21420,VESTUARIO,fashion,1,389,30%,2018-12-06
21422,VESTUARIO,fashion,1,411,30%,2018-11-14
21776,EROTICA,commodity,1,355,30%,2018-12-11
21796,MODA PRAIA,seasonal,1,436,30%,2018-10-20
21798,MODA PRAIA,seasonal,1,385,30%,2018-12-10
21804,MODA PRAIA,commodity,2,390,30%,2018-12-05
21805,MODA PRAIA,commodity,3,366,30%,2018-11-30
21847,LINHA NOITE,seasonal,3,416,30%,2018-11-09
21851,MODA PRAIA,commodity,1,387,30%,2018-12-08
21852,MODA PRAIA,commodity,2,409,30%,2018-11-07
21853,MODA PRAIA,commodity,1,401,30%,2018-11-24
21857,MODA PRAIA,commodity,1,390,30%,2018-12-05
21858,MODA PRAIA,commodity,2,387,30%,2018-12-08
21859,MODA PRAIA,commodity,1,392,30%,2018-12-03
21860,MODA PRAIA,commodity,1,385,30%,2018-12-10
21861,MODA PRAIA,commodity,1,395,30%,2018-11-30
21862,MODA PRAIA,commodity,4,383,30%,2018-12-12
21863,MODA PRAIA,commodity,1,383,30%,2018-12-06
21865,MODA PRAIA,commodity,2,383,30%,2018-12-12
21870,MODA PRAIA,commodity,2,395,30%,2018-11-30
21871,MODA PRAIA,commodity,2,411,30%,2018-11-14
21873,MODA PRAIA,commodity,1,383,30%,2018-12-12
21875,MODA PRAIA,commodity,1,412,30%,2018-11-07
21878,MODA PRAIA,commodity,1,409,30%,2018-11-16
21920,MODA PRAIA,commodity,3,411,30%,2018-11-06
21921,MODA PRAIA,commodity,8,363,30%,2018-12-12
21922,MODA PRAIA,commodity,3,385,30%,2018-12-10
21925,MODA PRAIA,commodity,3,383,30%,2018-12-12
21927,MODA PRAIA,commodity,1,390,30%,2018-12-05
21949,MODA PRAIA,commodity,1,391,30%,2018-11-22
21950,MODA PRAIA,commodity,16,383,30%,2018-12-12
21996,MODA PRAIA,commodity,1,433,30%,2018-10-20
22000,MODA PRAIA,seasonal,1,394,30%,2018-12-01
22001,MODA PRAIA,seasonal,1,385,30%,2018-12-10
22045,UNDERWARE,commodity,1,382,30%,2018-12-01
22047,UNDERWARE,commodity,8,392,30%,2018-12-03
22048,UNDERWARE,commodity,1,395,30%,2018-11-30
22049,UNDERWARE,commodity,1,395,30%,2018-11-30
22298,VESTUARIO,fashion,2,401,30%,2018-11-24
22332,MODA PRAIA,commodity,1,383,30%,2018-12-12
22333,MODA PRAIA,commodity,1,383,30%,2018-12-12
22335,MODA PRAIA,commodity,1,394,30%,2018-12-01
22336,MODA PRAIA,commodity,1,387,30%,2018-12-08
22339,UNDERWARE,commodity,2,361,30%,2018-12-08
22346,MODA PRAIA,commodity,1,436,30%,2018-10-20
22353,MODA PRAIA,commodity,2,408,30%,2018-11-17
22356,MODA PRAIA,commodity,1,405,30%,2018-11-20
22358,MODA PRAIA,commodity,1,422,30%,2018-11-03
22371,UNDERWARE,commodity,3,377,30%,2018-12-10
22372,UNDERWARE,commodity,1,389,30%,2018-12-06
22373,UNDERWARE,commodity,12,429,30%,2018-10-27
22376,UNDERWARE,commodity,3,397,30%,2018-11-17
22378,UNDERWARE,commodity,2,387,30%,2018-12-08
22380,UNDERWARE,commodity,1,383,30%,2018-12-12
22386,UNDERWARE,commodity,1,365,30%,2018-12-08
22387,UNDERWARE,commodity,2,399,30%,2018-11-26
22388,UNDERWARE,commodity,1,404,30%,2018-11-21
22389,UNDERWARE,commodity,1,373,30%,2018-11-24
22705,UNDERWARE,commodity,3,387,30%,2018-12-08
22706,UNDERWARE,commodity,2,393,30%,2018-12-02
22707,UNDERWARE,commodity,2,388,30%,2018-11-14
22714,UNDERWARE,commodity,1,368,30%,2018-12-02
22715,UNDERWARE,commodity,2,375,30%,2018-12-01
22726,UNDERWARE,commodity,1,383,30%,2018-12-12
22727,UNDERWARE,commodity,1,371,30%,2018-12-02
22732,UNDERWARE,commodity,2,377,30%,2018-11-30
22734,UNDERWARE,commodity,1,385,30%,2018-12-07
22745,UNDERWARE,commodity,2,403,30%,2018-11-22
22746,UNDERWARE,commodity,1,393,30%,2018-12-02
22747,UNDERWARE,commodity,1,393,30%,2018-12-02
22754,UNDERWARE,commodity,2,385,30%,2018-12-10
22760,UNDERWARE,commodity,3,393,30%,2018-11-21
22787,VESTUARIO,commodity,1,392,30%,2018-12-03
22817,LINHA NOITE,commodity,1,389,30%,2018-12-06
23002,MODA PRAIA,commodity,1,436,30%,2018-10-20
23007,MODA PRAIA,commodity,1,422,30%,2018-11-03
23008,MODA PRAIA,commodity,1,392,30%,2018-11-16
23009,MODA PRAIA,commodity,1,425,30%,2018-10-23
23011,MODA PRAIA,commodity,1,390,30%,2018-12-05
23015,MODA PRAIA,commodity,1,436,30%,2018-10-20
23020,MODA PRAIA,commodity,1,388,30%,2018-12-07
23021,MODA PRAIA,commodity,2,401,30%,2018-11-24
23032,MODA PRAIA,commodity,1,393,30%,2018-12-02
23033,MODA PRAIA,commodity,2,422,30%,2018-11-03
23034,MODA PRAIA,commodity,1,381,30%,2018-12-11
23036,UNDERWARE,commodity,1,433,30%,2018-10-23
23063,UNDERWARE,commodity,1,424,30%,2018-11-01
23126,VESTUARIO,fashion,1,368,30%,2018-12-07
23133,VESTUARIO,fashion,1,388,30%,2018-12-07
23139,VESTUARIO,fashion,1,385,30%,2018-12-10
23148,VESTUARIO,fashion,1,389,30%,2018-12-06
23160,VESTUARIO,fashion,1,389,30%,2018-12-06
23163,VESTUARIO,fashion,1,387,30%,2018-12-08
23425,UNDERWARE,commodity,2,436,30%,2018-10-20
23436,UNDERWARE,commodity,4,392,30%,2018-11-21
23459,VESTUARIO,fashion,1,422,30%,2018-11-03
23460,VESTUARIO,fashion,1,394,30%,2018-12-01
23461,VESTUARIO,fashion,1,404,30%,2018-11-21
23698,VESTUARIO,fashion,1,394,30%,2018-12-01
23912,LINHA NOITE,seasonal,1,422,30%,2018-11-03
23918,MODA PRAIA,commodity,1,383,30%,2018-12-12
23919,MODA PRAIA,commodity,1,367,30%,2018-12-10
23920,MODA PRAIA,commodity,1,385,30%,2018-12-10
23922,MODA PRAIA,commodity,1,392,30%,2018-12-03
23944,LINHA NOITE,commodity,1,396,30%,2018-11-29
24354,MODA PRAIA,commodity,5,395,30%,2018-11-30
24541,UNDERWARE,commodity,1,421,30%,2018-10-23
24546,UNDERWARE,commodity,1,396,30%,2018-11-26
24576,UNDERWARE,commodity,1,417,30%,2018-11-08
24592,LINHA NOITE,seasonal,1,384,30%,2018-12-05
24722,UNDERWARE,commodity,1,409,30%,2018-11-16
24850,MODA PRAIA,commodity,1,417,30%,2018-10-23
25012,VESTUARIO,fashion,1,420,30%,2018-11-05
25027,UNDERWARE,commodity,2,395,30%,2018-11-06
25033,VESTUARIO,fashion,1,383,30%,2018-12-12
25119,UNDERWARE,commodity,3,399,30%,2018-11-26
25133,UNDERWARE,commodity,1,416,30%,2018-11-09
25266,UNDERWARE,commodity,2,369,30%,2018-12-06
25289,VESTUARIO,fashion,1,401,30%,2018-11-24
25754,UNDERWARE,commodity,1,383,30%,2018-12-12
25756,UNDERWARE,commodity,1,436,30%,2018-10-20
25895,MODA PRAIA,seasonal,1,409,30%,2018-11-16
25896,MODA PRAIA,seasonal,1,425,30%,2018-10-31
25899,UNDERWARE,commodity,1,394,30%,2018-12-01
25900,UNDERWARE,commodity,1,384,30%,2018-12-11
25904,FITNESS,commodity,8,383,30%,2018-12-12
25905,FITNESS,commodity,4,427,30%,2018-10-29
25906,FITNESS,commodity,3,434,30%,2018-10-22
25920,FITNESS,commodity,1,399,30%,2018-11-26
25922,FITNESS,commodity,1,424,30%,2018-11-01
26107,UNDERWARE,commodity,1,429,30%,2018-10-27
26108,UNDERWARE,commodity,1,422,30%,2018-11-03
26308,UNDERWARE,commodity,1,391,30%,2018-12-04
26310,UNDERWARE,commodity,3,369,30%,2018-12-09
26391,LINHA NOITE,seasonal,1,401,30%,2018-11-24
26402,VESTUARIO,fashion,1,417,30%,2018-11-08
26427,VESTUARIO,fashion,1,383,30%,2018-12-12
26489,UNDERWARE,commodity,1,425,30%,2018-10-31
26853,UNDERWARE,commodity,5,374,30%,2018-11-24
26854,UNDERWARE,commodity,2,371,30%,2018-12-09
26872,UNDERWARE,commodity,1,395,30%,2018-11-30
26895,UNDERWARE,commodity,12,378,30%,2018-12-01
26974,MODA PRAIA,commodity,5,385,30%,2018-12-10
26986,UNDERWARE,commodity,3,385,30%,2018-12-10
27058,LINHA NOITE,seasonal,1,417,30%,2018-11-08
27066,LINHA NOITE,seasonal,1,413,30%,2018-11-12
27067,LINHA NOITE,seasonal,1,401,30%,2018-11-14
27070,LINHA NOITE,seasonal,1,387,30%,2018-12-08
27082,LINHA NOITE,seasonal,1,390,30%,2018-11-12
27197,UNDERWARE,commodity,6,402,30%,2018-11-23
27427,VESTUARIO,fashion,1,366,30%,2018-12-07
27428,VESTUARIO,fashion,1,388,30%,2018-12-07
27430,VESTUARIO,fashion,1,415,30%,2018-11-10
27432,VESTUARIO,fashion,1,373,30%,2018-11-28
27440,VESTUARIO,fashion,1,394,30%,2018-12-01
27441,VESTUARIO,fashion,1,393,30%,2018-12-02
27816,MODA PRAIA,commodity,1,395,30%,2018-11-30
27821,MODA PRAIA,commodity,1,389,30%,2018-12-06
27822,MODA PRAIA,commodity,1,377,30%,2018-12-05
27824,MODA PRAIA,commodity,1,383,30%,2018-12-12
27839,UNDERWARE,commodity,1,412,30%,2018-11-13
27840,UNDERWARE,commodity,2,387,30%,2018-12-08
27914,UNDERWARE,commodity,1,417,30%,2018-11-08
27915,UNDERWARE,commodity,1,387,30%,2018-12-08
27932,UNDERWARE,commodity,1,419,30%,2018-11-06
27933,UNDERWARE,commodity,1,385,30%,2018-12-10
27935,UNDERWARE,commodity,1,419,30%,2018-11-06
27999,MODA PRAIA,commodity,3,424,30%,2018-11-01
28023,UNDERWARE,commodity,1,403,30%,2018-11-10
28024,UNDERWARE,commodity,1,371,30%,2018-11-27
28320,MODA PRAIA,commodity,1,388,30%,2018-12-07
28321,MODA PRAIA,commodity,1,417,30%,2018-11-08
28322,MODA PRAIA,commodity,1,357,30%,2018-12-10
28357,UNDERWARE,commodity,1,403,30%,2018-11-22
28363,UNDERWARE,commodity,6,397,30%,2018-11-28
28466,UNDERWARE,commodity,4,408,30%,2018-11-17
28492,EROTICA,commodity,2,415,30%,2018-11-10
28561,EROTICA,commodity,1,419,30%,2018-11-06
28563,EROTICA,commodity,1,401,30%,2018-11-24
28716,UNDERWARE,commodity,1,408,30%,2018-11-17
28720,UNDERWARE,commodity,1,388,30%,2018-12-07
28915,MODA PRAIA,commodity,5,389,30%,2018-12-06
28933,UNDERWARE,commodity,6,427,30%,2018-10-27
28934,UNDERWARE,commodity,2,387,30%,2018-12-08
28939,UNDERWARE,commodity,1,385,30%,2018-12-10
28941,UNDERWARE,commodity,1,427,30%,2018-10-29
28942,UNDERWARE,commodity,1,416,30%,2018-11-09
28944,UNDERWARE,commodity,1,387,30%,2018-12-08
28945,UNDERWARE,commodity,1,402,30%,2018-11-16
28948,UNDERWARE,commodity,1,404,30%,2018-11-21
28964,VESTUARIO,fashion,1,413,30%,2018-11-09
28968,VESTUARIO,fashion,1,411,30%,2018-11-14
28972,VESTUARIO,fashion,1,387,30%,2018-12-07
28991,VESTUARIO,fashion,1,408,30%,2018-11-17
29016,UNDERWARE,commodity,4,403,30%,2018-11-22
29017,UNDERWARE,commodity,3,366,30%,2018-12-07
29018,UNDERWARE,commodity,2,401,30%,2018-11-24
29025,UNDERWARE,commodity,1,375,30%,2018-12-10
29761,VESTUARIO,fashion,1,392,30%,2018-12-03
29864,UNDERWARE,commodity,1,399,30%,2018-11-26
29963,UNDERWARE,commodity,3,383,30%,2018-12-12
29981,UNDERWARE,commodity,3,401,30%,2018-11-24
29985,UNDERWARE,commodity,3,411,30%,2018-11-14
29987,UNDERWARE,commodity,1,395,30%,2018-11-30
29989,UNDERWARE,commodity,1,383,30%,2018-12-12
29990,UNDERWARE,commodity,1,383,30%,2018-12-12
29991,UNDERWARE,commodity,1,367,30%,2018-12-12
29992,UNDERWARE,commodity,1,381,30%,2018-12-06
30002,VESTUARIO,fashion,1,389,30%,2018-12-06
30005,VESTUARIO,fashion,1,384,30%,2018-12-11
30010,VESTUARIO,fashion,1,366,30%,2018-12-08
30014,VESTUARIO,fashion,1,389,30%,2018-12-06
30015,VESTUARIO,fashion,1,389,30%,2018-12-06
30029,VESTUARIO,fashion,1,359,30%,2018-12-12
30046,VESTUARIO,fashion,1,383,30%,2018-12-12
30150,MODA PRAIA,commodity,2,417,30%,2018-11-08
30151,MODA PRAIA,commodity,1,401,30%,2018-11-24
30152,MODA PRAIA,commodity,1,413,30%,2018-11-12
30155,MODA PRAIA,commodity,2,379,30%,2018-11-30
30158,MODA PRAIA,commodity,1,372,30%,2018-12-01
30236,UNDERWARE,commodity,1,368,30%,2018-12-07
30239,UNDERWARE,commodity,1,428,30%,2018-10-20
30250,UNDERWARE,commodity,1,412,30%,2018-11-13
30287,UNDERWARE,commodity,1,419,30%,2018-11-06
30288,UNDERWARE,commodity,2,408,30%,2018-11-06
30323,UNDERWARE,commodity,1,403,30%,2018-11-10
30368,VESTUARIO,fashion,1,424,30%,2018-11-01
30388,VESTUARIO,fashion,1,403,30%,2018-11-22
30409,VESTUARIO,fashion,1,436,30%,2018-10-20
30466,UNDERWARE,commodity,1,418,30%,2018-10-26
30469,UNDERWARE,commodity,1,431,30%,2018-10-25
30471,UNDERWARE,commodity,1,404,30%,2018-11-21
30476,UNDERWARE,commodity,2,411,30%,2018-11-14
30478,UNDERWARE,commodity,1,433,30%,2018-10-23
30479,UNDERWARE,commodity,1,436,30%,2018-10-20
30554,UNDERWARE,commodity,2,424,30%,2018-11-01
30561,UNDERWARE,commodity,1,432,30%,2018-10-24
30566,UNDERWARE,commodity,6,388,30%,2018-12-07
30572,UNDERWARE,commodity,5,385,30%,2018-12-10
30573,UNDERWARE,commodity,1,391,30%,2018-11-24
30600,UNDERWARE,commodity,4,408,30%,2018-11-17
30656,MODA PRAIA,seasonal,3,418,30%,2018-11-07
30806,UNDERWARE,commodity,1,383,30%,2018-12-12
30809,UNDERWARE,commodity,1,388,30%,2018-12-07
30884,UNDERWARE,commodity,2,389,30%,2018-11-23
30888,UNDERWARE,commodity,1,395,30%,2018-11-30
30892,UNDERWARE,commodity,2,425,30%,2018-10-31
30894,UNDERWARE,commodity,1,386,30%,2018-12-09
30901,UNDERWARE,commodity,3,399,30%,2018-11-26
31028,UNDERWARE,commodity,4,426,30%,2018-10-30
31029,UNDERWARE,commodity,4,416,30%,2018-11-09
31035,UNDERWARE,commodity,7,409,30%,2018-11-16
31039,UNDERWARE,commodity,1,389,30%,2018-12-06
31044,UNDERWARE,commodity,2,383,30%,2018-12-12
31048,UNDERWARE,commodity,3,391,30%,2018-12-04
31056,UNDERWARE,commodity,3,408,30%,2018-11-17
31067,UNDERWARE,commodity,1,392,30%,2018-11-16
31577,MODA PRAIA,seasonal,1,411,30%,2018-11-14
31578,MODA PRAIA,seasonal,1,430,30%,2018-10-26
31579,MODA PRAIA,seasonal,1,390,30%,2018-11-07
31580,MODA PRAIA,commodity,1,417,30%,2018-11-08
31581,MODA PRAIA,commodity,4,391,30%,2018-11-17
31587,MODA PRAIA,commodity,1,403,30%,2018-11-22
31588,MODA PRAIA,commodity,2,388,30%,2018-12-07
31590,MODA PRAIA,commodity,1,383,30%,2018-12-12
31591,MODA PRAIA,commodity,1,411,30%,2018-11-14
31594,MODA PRAIA,commodity,3,411,30%,2018-11-14
31798,VESTUARIO,fashion,1,430,30%,2018-10-26
34815,UNDERWARE,commodity,3,395,30%,2018-11-30
34834,VESTUARIO,fashion,1,395,30%,2018-11-30
34938,FITNESS,commodity,1,393,30%,2018-12-02
34939,FITNESS,commodity,1,430,30%,2018-10-26
34970,FITNESS,commodity,1,388,30%,2018-12-07
34971,FITNESS,commodity,1,368,30%,2018-12-02
34974,FITNESS,commodity,1,399,30%,2018-11-26
35031,MODA PRAIA,commodity,5,406,30%,2018-11-19
35032,MODA PRAIA,commodity,1,364,30%,2018-12-05
35050,MODA PRAIA,commodity,3,420,30%,2018-10-29
35070,UNDERWARE,commodity,1,433,30%,2018-10-23
35140,LINHA NOITE,seasonal,1,391,30%,2018-12-04
35142,LINHA NOITE,seasonal,1,387,30%,2018-11-21
35158,LINHA NOITE,seasonal,1,395,30%,2018-11-30
35202,VESTUARIO,fashion,2,401,30%,2018-11-24
35206,VESTUARIO,fashion,9,433,30%,2018-10-23
35207,UNDERWARE,commodity,1,378,30%,2018-11-30
